dong_name,safety_cnt,leisure_cnt,food_cnt,health_cnt,conv_cnt,transp_cnt,cafe_cnt,pub_cnt,gu_id,dongx,dongy
청운동,36,0,18,0,1,7,8,0,23,37.587111,126.969069
신교동,17,0,8,1,0,0,1,0,23,37.583911,126.968354
궁정동,2,0,1,0,0,1,1,0,23,37.584381,126.971489
효자동,0,0,11,0,0,2,4,0,23,37.582416,126.971670
창성동,2,1,22,4,2,2,2,0,23,37.580363,126.972065
통의동,10,1,70,1,0,4,8,0,23,37.578307,126.972872
적선동,0,1,79,12,0,1,13,0,23,37.576122,126.973453
통인동,6,0,96,1,0,3,5,0,23,37.580141,126.970127
누상동,25,0,20,0,0,1,2,0,23,37.580478,126.965838
누하동,17,0,55,3,0,3,6,0,23,37.579423,126.968521
옥인동,37,0,30,3,0,2,4,1,23,37.582175,126.967275
체부동,12,0,81,2,2,0,9,0,23,37.577645,126.970877
필운동,10,0,80,0,1,0,4,1,23,37.577076,126.968848
내자동,4,3,84,11,0,4,3,0,23,37.575641,126.971177
사직동,27,2,33,1,1,10,10,0,23,37.573711,126.966295
도렴동,0,0,44,2,2,0,6,0,23,37.572445,126.975158
당주동,3,1,151,13,0,0,14,7,23,37.571429,126.974570
내수동,0,9,114,6,3,0,9,3,23,37.573113,126.971819
세종로,11,1,29,5,0,16,9,0,23,37.572655,126.976742
신문로1가,7,4,76,21,3,5,13,0,23,37.570366,126.973968
신문로2가,8,5,77,2,0,3,9,0,23,37.571299,126.968815
청진동,2,0,155,18,4,0,24,5,23,37.571886,126.980676
서린동,4,1,37,5,1,1,13,0,23,37.569668,126.979809
수송동,3,0,116,8,2,0,13,1,23,37.573994,126.981139
중학동,0,0,27,0,0,1,3,0,23,37.575301,126.979265
종로1가,3,3,78,19,1,5,17,0,23,37.570479,126.980434
공평동,3,1,51,2,2,2,10,1,23,37.571692,126.982996
관훈동,3,0,174,1,0,1,10,1,23,37.574336,126.984857
견지동,0,1,30,6,0,5,4,1,23,37.573529,126.983065
와룡동,9,0,23,3,1,5,10,1,23,37.576950,126.991141
권농동,3,0,31,0,0,1,0,0,23,37.575619,126.991498
운니동,2,0,36,0,0,4,3,2,23,37.576159,126.989206
익선동,10,0,145,0,2,0,10,0,23,37.574082,126.989819
경운동,0,0,19,8,0,7,1,0,23,37.574538,126.986664
관철동,10,2,351,12,4,5,22,12,23,37.569182,126.986053
인사동,7,0,122,3,0,2,1,2,23,37.571837,126.986206
낙원동,10,3,217,6,5,1,5,15,23,37.572558,126.988732
종로2가,10,0,65,17,1,6,24,1,23,37.570195,126.986454
팔판동,0,0,28,0,0,2,3,0,23,37.582882,126.980836
삼청동,18,1,93,0,0,7,19,0,23,37.585404,126.982123
안국동,5,0,37,6,0,3,13,0,23,37.577515,126.983939
소격동,4,1,43,3,0,1,6,0,23,37.580122,126.981424
화동,3,0,30,0,0,1,3,0,23,37.580693,126.982268
사간동,3,0,25,0,1,0,3,0,23,37.577668,126.980593
송현동,3,0,0,0,0,1,1,0,23,37.577322,126.982187
가회동,9,0,21,1,0,8,11,0,23,37.582235,126.984666
재동,0,0,73,2,2,4,9,1,23,37.578363,126.985575
계동,6,0,67,3,2,6,23,1,23,37.581321,126.987016
원서동,25,1,27,0,0,3,3,0,23,37.581687,126.988696
훈정동,17,0,0,0,0,0,0,0,23,37.570980,126.995131
묘동,5,0,75,4,2,2,10,3,23,37.572598,126.991715
봉익동,6,0,41,1,0,0,6,0,23,37.572398,126.992873
돈의동,26,6,122,2,0,1,5,6,23,37.572085,126.990736
장사동,6,0,23,0,0,1,5,4,23,37.569411,126.993830
관수동,6,0,93,3,3,1,11,4,23,37.569200,126.990527
종로3가,9,1,61,21,0,8,8,1,23,37.570337,126.992072
인의동,5,0,63,4,2,2,8,2,23,37.573102,126.997921
예지동,4,0,25,0,2,3,3,0,23,37.569643,126.997971
원남동,3,2,34,5,0,4,8,2,23,37.575326,126.997429
연지동,7,0,54,2,0,1,12,6,23,37.573590,126.999447
종로4가,2,0,37,21,0,6,3,0,23,37.570618,126.998135
효제동,13,0,93,6,0,3,8,15,23,37.572859,127.003417
종로5가,6,0,212,58,2,8,19,0,23,37.570540,127.003794
종로6가,27,0,89,25,3,5,17,1,23,37.572572,127.006996
이화동,20,1,57,0,1,2,5,0,23,37.577066,127.006358
연건동,19,2,66,12,0,15,20,0,23,37.577500,127.000903
충신동,38,0,25,2,1,3,3,3,23,37.575189,127.006471
동숭동,36,0,237,8,4,2,39,0,23,37.581654,127.005083
혜화동,45,3,88,15,3,11,20,2,23,37.587955,127.001157
명륜1가,56,1,45,6,2,5,6,1,23,37.588347,126.997733
명륜2가,11,10,161,7,2,5,22,3,23,37.584521,126.998638
명륜4가,12,1,212,10,2,3,16,1,23,37.582225,127.000008
명륜3가,62,0,96,1,1,10,14,2,23,37.588359,126.994739
창신동,165,4,411,47,10,17,33,17,23,37.574729,127.012062
숭인동,173,6,285,22,14,20,20,15,23,37.575979,127.018802
교남동,7,2,31,3,2,4,0,2,23,37.567917,126.965108
평동,3,0,43,16,2,7,11,0,23,37.567121,126.967018
송월동,14,0,5,0,0,1,0,0,23,37.569779,126.965760
홍파동,13,0,16,4,0,1,2,0,23,37.571862,126.965154
교북동,1,0,25,3,0,6,4,1,23,37.572612,126.960436
행촌동,51,0,21,1,0,4,1,0,23,37.574294,126.962469
구기동,34,1,48,5,2,18,5,0,23,37.609211,126.957246
평창동,68,4,72,9,2,36,32,2,23,37.610420,126.969837
부암동,69,1,63,2,1,9,12,0,23,37.594148,126.964248
홍지동,19,0,38,1,3,19,10,0,23,37.600310,126.957773
신영동,24,2,21,2,0,6,7,0,23,37.602696,126.961378
무악동,29,1,46,9,3,5,8,1,23,37.575906,126.959334
무교동,4,2,46,18,2,0,8,2,24,37.567732,126.979171
다동,21,3,127,7,2,0,25,6,24,37.567577,126.981026
태평로1가,9,3,66,4,1,5,13,0,24,37.568174,126.976805
을지로1가,12,0,34,5,2,5,13,0,24,37.566295,126.980137
을지로2가,9,1,138,23,5,3,42,3,24,37.565757,126.985892
남대문로1가,0,0,9,0,1,2,2,0,24,37.567451,126.982976
삼각동,2,0,3,4,0,1,3,0,24,37.567588,126.983748
수하동,0,1,32,2,3,0,2,0,24,37.567242,126.984082
장교동,2,3,13,3,3,0,2,0,24,37.567116,126.987193
수표동,6,1,24,3,1,1,10,1,24,37.567358,126.989674
소공동,4,0,70,5,5,2,18,0,24,37.563731,126.980135
남창동,44,0,107,19,6,6,31,1,24,37.558450,126.977464
북창동,19,0,103,2,4,0,5,15,24,37.562500,126.978056
태평로2가,2,1,80,6,3,7,17,2,24,37.563334,126.976861
남대문로2가,4,5,20,3,1,6,8,1,24,37.563785,126.981752
남대문로3가,12,1,26,5,0,4,3,0,24,37.561033,126.978259
남대문로4가,13,1,40,5,1,2,6,1,24,37.560635,126.976863
남대문로5가,35,2,145,24,6,9,41,1,24,37.557154,126.974366
봉래동1가,0,1,20,5,1,5,7,0,24,37.558687,126.972589
봉래동2가,13,1,12,1,3,8,7,0,24,37.557841,126.970620
회현동1가,76,1,87,14,7,3,25,0,24,37.557439,126.980748
회현동2가,14,1,21,1,1,3,7,0,24,37.558033,126.983443
회현동3가,2,0,7,2,1,0,1,1,24,37.560060,126.984082
충무로1가,13,7,71,16,7,2,17,0,24,37.561279,126.983430
충무로2가,5,9,80,16,9,3,30,1,24,37.561903,126.987942
명동1가,9,1,57,15,1,0,17,0,24,37.564135,126.984148
명동2가,10,4,137,18,6,0,23,1,24,37.562880,126.984505
남산동1가,14,0,13,6,1,1,2,0,24,37.559260,126.984605
남산동2가,27,0,43,0,1,1,11,0,24,37.558534,126.985813
남산동3가,0,0,7,2,1,0,2,0,24,37.560392,126.987105
저동1가,26,1,28,2,1,3,5,0,24,37.564362,126.987314
충무로4가,16,9,87,8,4,2,12,3,24,37.562463,126.995255
충무로5가,23,0,51,3,3,1,5,0,24,37.562923,126.999921
인현동2가,6,0,52,2,1,0,8,1,24,37.563780,126.995779
예관동,13,0,11,0,1,1,2,0,24,37.564357,126.998220
묵정동,15,0,15,4,1,1,9,0,24,37.561401,127.000871
필동1가,4,0,43,3,1,4,10,2,24,37.560992,126.992264
필동2가,36,3,115,6,1,3,17,3,24,37.558960,126.995427
필동3가,35,1,52,2,2,0,14,3,24,37.559069,126.997152
남학동,2,0,10,0,0,0,2,0,24,37.560410,126.990860
주자동,7,0,2,0,0,0,2,0,24,37.560755,126.989850
예장동,25,1,17,0,0,3,5,0,24,37.557397,126.990492
장충동1가,41,0,30,2,2,3,7,0,24,37.561397,127.007583
장충동2가,95,1,107,2,4,11,15,3,24,37.559910,127.002560
광희동1가,24,0,70,1,2,1,11,0,24,37.565194,127.005069
광희동2가,32,0,20,4,2,6,2,0,24,37.563799,127.008655
쌍림동,8,1,37,6,2,2,12,0,24,37.563176,127.004625
을지로6가,25,15,179,19,16,8,60,3,24,37.566868,127.006310
을지로7가,11,0,18,1,2,1,10,0,24,37.565117,127.009288
을지로4가,8,1,44,18,3,5,16,0,24,37.566587,126.998139
을지로5가,9,0,26,3,3,2,9,0,24,37.566455,127.001862
주교동,14,0,58,2,1,3,15,4,24,37.568136,126.999252
방산동,0,0,6,1,1,3,5,1,24,37.568469,127.001903
오장동,11,1,45,3,4,0,10,4,24,37.564685,127.000700
을지로3가,18,0,164,5,2,5,15,5,24,37.566292,126.992337
입정동,3,0,5,0,2,1,3,0,24,37.567709,126.993042
산림동,11,0,33,0,1,0,3,1,24,37.567564,126.996085
충무로3가,4,2,98,5,3,1,12,1,24,37.562676,126.991874
초동,13,4,104,7,4,0,4,12,24,37.564226,126.992375
인현동1가,5,0,44,0,2,0,13,3,24,37.564472,126.994232
저동2가,1,0,91,12,2,0,19,2,24,37.564385,126.990257
신당동,730,23,781,147,58,49,143,26,24,37.559441,127.013427
흥인동,26,3,66,9,2,3,12,4,24,37.566792,127.016839
무학동,13,0,33,7,3,1,1,3,24,37.564149,127.015091
황학동,89,6,255,27,10,6,27,16,24,37.567940,127.020367
서소문동,10,2,101,22,4,5,24,2,24,37.563075,126.974142
정동,26,3,71,0,2,4,16,0,24,37.566905,126.972078
순화동,24,2,71,9,8,2,10,0,24,37.562471,126.970566
의주로1가,2,0,4,2,0,3,1,0,24,37.564783,126.968176
충정로1가,2,1,6,1,2,1,5,0,24,37.567411,126.968642
중림동,52,1,112,19,5,8,19,7,24,37.558715,126.965840
의주로2가,14,0,1,0,0,0,0,0,24,37.559382,126.969985
만리동1가,27,1,24,0,1,1,4,0,24,37.556408,126.967319
만리동2가,44,0,12,6,3,3,7,0,24,37.553986,126.964150
후암동,232,2,147,19,8,19,16,2,21,37.549171,126.978938
용산동2가,213,1,243,8,10,26,16,1,21,37.544184,126.985110
용산동4가,0,0,0,0,1,4,0,0,21,37.534964,126.986876
갈월동,52,4,83,30,5,10,13,1,21,37.546267,126.972941
남영동,22,4,104,10,1,3,5,0,21,37.542934,126.973410
용산동1가,7,0,2,0,0,3,5,0,21,37.534968,126.977282
동자동,43,1,118,6,7,7,14,0,21,37.551535,126.974137
서계동,111,1,80,11,3,8,11,3,21,37.552113,126.966089
청파동1가,65,1,28,3,1,3,5,0,21,37.548870,126.967046
청파동2가,62,0,73,4,2,10,31,0,21,37.546067,126.967745
청파동3가,55,2,84,6,5,3,13,0,21,37.543407,126.968276
원효로1가,59,5,108,9,4,10,15,2,21,37.539977,126.966998
원효로2가,30,0,65,12,4,5,4,1,21,37.536307,126.963165
신창동,43,0,5,0,1,4,5,0,21,37.535730,126.955199
산천동,9,0,2,5,3,2,1,0,21,37.535428,126.952396
청암동,3,0,2,0,1,4,0,0,21,37.535040,126.946500
원효로3가,35,0,40,1,3,4,3,1,21,37.534140,126.956862
원효로4가,23,1,15,1,0,9,5,0,21,37.533504,126.952763
효창동,88,1,36,12,4,15,9,0,21,37.543291,126.961214
도원동,9,0,13,3,1,6,2,0,21,37.539188,126.957940
용문동,64,0,80,11,3,11,9,0,21,37.537571,126.959936
문배동,0,1,20,1,3,6,3,0,21,37.536423,126.969346
신계동,9,0,20,0,0,3,3,0,21,37.534581,126.964922
한강로1가,20,0,122,8,3,7,11,1,21,37.534384,126.973765
한강로2가,64,1,336,40,9,12,42,1,21,37.531715,126.970242
용산동3가,8,0,19,2,0,1,7,0,21,37.533189,126.974319
용산동5가,16,1,19,2,1,4,8,0,21,37.527123,126.970830
한강로3가,97,35,338,27,12,22,62,1,21,37.524659,126.963299
이촌동,157,7,131,40,8,31,14,3,21,37.524133,126.961987
이태원동,311,7,883,26,18,35,44,8,21,37.536700,126.992151
한남동,230,26,635,31,9,40,63,5,21,37.533889,127.003955
동빙고동,55,2,20,0,2,6,3,0,21,37.523599,126.995949
서빙고동,48,1,10,0,2,13,1,0,21,37.521042,126.993023
주성동,11,0,1,0,0,0,0,0,21,37.522591,126.998382
용산동6가,14,0,12,2,3,6,3,0,21,37.519150,126.983164
보광동,210,2,135,26,7,11,9,0,21,37.528858,126.999766
상왕십리동,5,1,58,8,4,5,3,0,16,37.569332,127.025349
하왕십리동,209,12,188,48,16,28,28,2,16,37.562462,127.029586
홍익동,70,2,94,7,2,3,7,3,16,37.566144,127.032921
도선동,58,9,133,34,5,4,10,18,16,37.563897,127.033258
마장동,278,2,154,27,9,30,10,2,16,37.567305,127.039084
사근동,133,0,39,1,7,20,13,0,16,37.561371,127.046789
행당동,338,23,506,82,33,73,59,15,16,37.559076,127.035869
응봉동,126,0,19,9,3,31,2,0,16,37.551169,127.031462
금호동1가,61,4,65,19,4,37,13,1,16,37.554697,127.023412
금호동2가,83,3,74,13,3,19,7,2,16,37.552482,127.020133
금호동3가,95,1,104,28,5,25,11,1,16,37.549504,127.021812
금호동4가,147,3,86,28,6,29,12,0,16,37.547468,127.020060
옥수동,123,12,123,42,7,45,16,0,16,37.542764,127.014662
성수동1가,298,21,789,36,25,47,108,4,16,37.544661,127.046772
성수동2가,398,20,996,64,43,52,117,10,16,37.541123,127.056125
송정동,221,1,76,7,5,12,11,3,16,37.552124,127.067652
용답동,197,3,147,31,8,15,28,8,16,37.564354,127.052795
중곡동,183,29,757,159,56,88,100,22,6,37.561882,127.084745
능동,35,5,125,22,14,14,29,8,6,37.553729,127.082381
구의동,152,57,836,137,61,59,120,11,6,37.544655,127.089493
광장동,64,13,161,32,15,37,42,0,6,37.546992,127.103926
자양동,180,57,933,169,66,58,139,8,6,37.534692,127.074327
화양동,54,18,775,69,34,20,93,42,6,37.544427,127.070047
군자동,51,24,314,43,14,25,40,9,6,37.553878,127.073516
신설동,51,6,168,18,11,12,18,2,11,37.575204,127.026023
용두동,231,8,281,68,26,29,36,8,11,37.576328,127.034621
제기동,236,7,409,153,18,29,25,6,11,37.584134,127.037960
전농동,377,21,404,64,36,49,46,10,11,37.579797,127.053848
답십리동,322,16,326,78,28,41,41,12,11,37.569883,127.056757
장안동,427,36,838,109,53,60,70,49,11,37.570749,127.068233
청량리동,151,7,210,76,11,24,17,6,11,37.586643,127.044621
회기동,123,11,355,26,13,9,40,6,11,37.591447,127.051971
휘경동,287,13,244,38,26,31,38,7,11,37.589592,127.061228
이문동,306,7,358,44,24,37,38,4,11,37.598851,127.062465
면목동,1467,29,1340,143,87,128,125,92,25,37.584420,127.086487
상봉동,377,31,610,67,37,32,55,62,25,37.596267,127.085704
중화동,415,7,390,47,33,43,36,29,25,37.599750,127.077718
묵동,398,17,391,57,21,51,41,36,25,37.611266,127.077829
망우동,529,8,526,66,42,67,74,26,25,37.596678,127.100419
신내동,194,11,323,50,27,71,46,17,25,37.607237,127.098924
성북동,202,3,93,6,7,35,28,1,17,37.594567,126.997514
성북동1가,10,1,43,7,1,7,6,1,17,37.589374,127.003652
돈암동,114,6,66,23,8,46,18,0,17,37.598415,127.020288
동소문동1가,13,2,26,11,1,2,4,0,17,37.589858,127.007460
동소문동2가,14,3,62,15,1,3,5,2,17,37.588696,127.008412
동소문동3가,5,1,13,11,0,2,2,0,17,37.590052,127.010816
동소문동4가,13,1,19,5,1,2,7,0,17,37.591541,127.010756
동소문동5가,0,3,78,8,3,2,2,2,17,37.591666,127.015590
동소문동6가,17,2,23,28,3,2,6,0,17,37.593770,127.014858
동소문동7가,5,0,17,2,0,3,3,0,17,37.596303,127.014721
삼선동1가,98,0,39,5,1,6,6,1,17,37.585059,127.007942
삼선동2가,40,0,64,1,4,13,6,0,17,37.585259,127.010538
삼선동3가,19,0,10,0,0,7,3,0,17,37.586298,127.012802
삼선동4가,14,0,50,6,1,3,5,0,17,37.589818,127.013135
삼선동5가,13,1,64,7,3,5,8,0,17,37.588250,127.015789
동선동1가,23,13,256,20,2,2,20,7,17,37.592065,127.018260
동선동2가,22,1,110,0,1,6,16,3,17,37.590091,127.020053
동선동3가,28,0,42,0,2,0,7,0,17,37.594108,127.020597
동선동4가,34,0,46,18,2,3,8,1,17,37.595087,127.018541
동선동5가,25,1,29,2,2,1,7,1,17,37.596185,127.016726
안암동1가,24,1,31,0,2,4,8,0,17,37.588393,127.021456
안암동2가,22,0,20,3,2,6,5,0,17,37.586638,127.022973
안암동3가,25,0,11,0,1,0,2,0,17,37.583915,127.023280
안암동4가,20,1,7,1,1,1,1,0,17,37.580811,127.024633
안암동5가,65,8,315,20,15,21,48,10,17,37.586083,127.029493
보문동4가,11,1,28,4,2,1,6,0,17,37.582645,127.021437
보문동5가,6,0,24,8,2,1,3,0,17,37.582359,127.019936
보문동6가,44,1,13,0,2,0,5,0,17,37.580444,127.019694
보문동7가,24,1,40,2,4,2,4,2,17,37.580033,127.021820
보문동1가,9,3,15,3,2,5,3,0,17,37.586226,127.019779
보문동2가,13,0,20,5,2,1,3,0,17,37.585602,127.018306
보문동3가,13,0,0,0,0,1,1,0,17,37.584277,127.017551
정릉동,681,12,470,67,39,133,67,10,17,37.608442,127.008288
길음동,136,8,221,56,24,40,42,6,17,37.607316,127.024760
종암동,204,9,246,56,18,58,43,7,17,37.597405,127.035032
하월곡동,236,10,396,62,22,55,56,5,17,37.605662,127.035753
상월곡동,106,1,75,6,6,12,8,0,17,37.606723,127.048393
장위동,638,7,328,47,30,99,37,8,17,37.614232,127.050118
석관동,341,6,321,51,15,31,31,8,17,37.608823,127.060712
미아동,1002,34,1109,268,66,152,87,39,3,37.621298,127.024902
번동,400,16,331,88,26,98,27,8,3,37.635123,127.032072
수유동,915,30,1235,163,63,145,81,74,3,37.639388,127.017183
우이동,156,1,136,15,10,16,11,2,3,37.658785,127.011190
쌍문동,3,21,441,68,43,94,61,1,10,37.652731,127.028710
방학동,5,29,550,66,51,78,59,7,10,37.666224,127.036650
창동,5,35,736,111,58,116,101,26,10,37.643440,127.039413
도봉동,5,6,419,35,29,83,41,5,10,37.678103,127.043249
월계동,247,13,451,91,30,107,57,3,9,37.622192,127.058650
공릉동,345,23,822,139,52,111,125,7,9,37.623601,127.077388
하계동,69,6,183,38,12,56,40,2,9,37.636890,127.073145
상계동,622,79,1592,470,92,197,217,94,9,37.667100,127.072189
중계동,144,28,530,171,33,76,101,3,9,37.646989,127.082411
수색동,97,0,66,14,6,18,8,2,22,37.585121,126.894260
녹번동,264,8,250,33,17,25,31,6,22,37.605253,126.929107
불광동,476,14,438,95,25,64,37,13,22,37.620465,126.927435
갈현동,425,18,658,61,28,74,45,22,22,37.621223,126.914993
구산동,205,4,121,31,12,35,21,0,22,37.611390,126.910297
대조동,197,20,397,111,18,28,31,21,22,37.612276,126.922850
응암동,553,28,700,125,25,82,65,31,22,37.592677,126.920257
역촌동,292,19,387,54,13,51,36,6,22,37.604770,126.915663
신사동,803,89,2202,805,79,78,265,63,22,37.595711,126.909195
신사동,803,89,2202,805,79,78,265,63,1,37.522893,127.028589
증산동,169,2,123,28,5,14,10,3,22,37.584724,126.907223
진관동,305,16,302,76,14,62,53,0,22,37.644355,126.936524
충정로2가,11,1,88,11,2,11,9,3,14,37.565192,126.964529
충정로3가,71,1,125,6,4,20,15,2,14,37.562611,126.961351
합동,0,0,16,0,1,0,2,0,14,37.561567,126.966566
미근동,2,1,63,6,3,3,8,2,14,37.563162,126.967026
냉천동,8,0,75,7,1,6,6,2,14,37.567257,126.963890
천연동,42,0,20,1,1,8,4,1,14,37.568285,126.960571
옥천동,9,2,17,6,0,0,0,0,14,37.569686,126.960890
영천동,4,3,23,14,1,8,0,3,14,37.570759,126.960460
현저동,54,1,3,1,1,16,1,0,14,37.576486,126.954220
북아현동,251,3,116,26,13,26,21,5,14,37.561666,126.956170
홍제동,460,15,394,84,33,77,37,20,14,37.588734,126.946107
대현동,63,9,222,16,27,12,54,3,14,37.558086,126.944504
대신동,33,4,21,6,5,11,5,1,14,37.566438,126.945199
신촌동,13,8,21,3,6,4,17,0,14,37.568134,126.946792
봉원동,13,0,1,0,0,2,0,0,14,37.569952,126.947063
창천동,179,19,656,55,23,21,57,53,14,37.558584,126.934113
연희동,502,15,354,44,30,56,89,2,14,37.570389,126.929628
홍은동,576,7,286,38,29,97,37,13,14,37.591560,126.938775
북가좌동,413,13,252,49,24,44,38,8,14,37.580344,126.912261
남가좌동,285,11,353,68,30,42,54,19,14,37.577538,126.922311
아현동,6,10,170,60,6,24,23,0,13,37.555483,126.955998
공덕동,2,10,414,59,11,23,41,6,13,37.548828,126.959006
신공덕동,0,3,69,18,5,9,12,0,13,37.544374,126.956854
도화동,1,12,478,88,11,39,51,20,13,37.539966,126.950000
용강동,1,4,176,7,8,8,7,1,13,37.541967,126.940414
토정동,0,0,3,1,0,2,0,1,13,37.540350,126.940474
마포동,0,0,48,2,4,2,1,0,13,37.537003,126.945323
대흥동,1,4,204,41,6,25,24,1,13,37.551055,126.943731
염리동,1,5,145,16,10,13,24,1,13,37.551546,126.947279
노고산동,1,8,171,59,8,15,23,9,13,37.554402,126.938556
신수동,1,4,168,13,12,25,27,3,13,37.547351,126.937074
현석동,0,1,10,0,2,0,0,0,13,37.543840,126.933903
구수동,0,1,35,6,1,5,3,0,13,37.545679,126.932695
창전동,1,7,131,15,5,35,17,1,13,37.550966,126.929835
상수동,0,4,312,9,8,19,31,4,13,37.547431,126.922946
하중동,0,0,3,1,1,4,0,0,13,37.545750,126.928674
신정동,2328,57,1013,241,76,168,164,19,13,37.544210,126.930866
신정동,2328,57,1013,241,76,168,164,19,19,37.521636,126.857957
당인동,0,0,10,0,1,1,2,1,13,37.546250,126.920245
서교동,3,37,1768,73,39,59,186,46,13,37.553910,126.918985
동교동,1,34,571,81,16,19,64,8,13,37.557650,126.925663
합정동,0,12,531,29,14,30,65,6,13,37.549046,126.911558
망원동,2,13,728,45,23,54,86,5,13,37.556620,126.903976
연남동,1,5,794,12,17,22,97,13,13,37.562962,126.921783
성산동,2,23,414,27,29,63,49,1,13,37.563317,126.910870
중동,0,1,40,14,3,8,5,0,13,37.570400,126.907656
상암동,2,17,676,72,21,89,88,5,13,37.577131,126.893488
목동,2355,85,1114,263,80,90,176,16,19,37.539776,126.869079
신월동,2713,17,847,118,63,80,89,20,19,37.529444,126.834248
염창동,79,17,202,60,19,37,51,15,4,37.551366,126.871300
등촌동,197,59,660,115,48,75,143,25,4,37.551325,126.858411
화곡동,1288,69,1956,287,115,192,247,262,4,37.538358,126.847336
가양동,85,19,189,49,19,44,44,5,4,37.568238,126.845059
마곡동,28,68,1447,188,56,73,270,63,4,37.566092,126.830395
내발산동,158,17,310,76,20,47,78,7,4,37.552616,126.835730
외발산동,3,0,28,1,2,20,2,1,4,37.546721,126.821871
공항동,114,5,263,27,21,41,37,23,4,37.558805,126.813297
방화동,308,25,618,86,35,79,108,44,4,37.569138,126.812192
개화동,78,0,3,0,0,10,3,0,4,37.582069,126.801198
과해동,0,0,2,2,0,3,2,0,4,37.560661,126.794953
오곡동,0,0,3,0,0,2,0,0,4,37.554615,126.775768
오쇠동,0,0,2,0,0,2,1,0,4,37.541148,126.796575
신도림동,109,16,257,75,17,43,52,1,7,37.509454,126.880425
구로동,1113,67,2090,297,103,157,230,16,7,37.492900,126.886427
가리봉동,327,1,201,16,6,9,8,2,7,37.482944,126.888062
고척동,456,14,450,78,43,69,42,6,7,37.503560,126.855829
개봉동,562,18,472,124,40,87,69,9,7,37.494970,126.851409
오류동,330,12,304,79,30,45,39,28,7,37.494129,126.840746
궁동,138,1,49,10,8,31,10,0,7,37.496870,126.831303
온수동,105,3,48,9,9,16,9,0,7,37.493507,126.820255
천왕동,35,2,23,12,4,30,10,0,7,37.482016,126.841789
항동,39,3,57,10,11,30,17,0,7,37.484059,126.822980
가산동,258,35,1030,81,93,106,219,26,8,37.477598,126.888291
독산동,1392,37,1009,144,83,110,128,45,8,37.469371,126.901246
시흥동,1288,27,718,169,60,139,89,55,8,37.453325,126.906222
영등포동,156,11,139,20,7,14,27,67,20,37.513448,126.907724
영등포동1가,8,1,29,0,4,2,1,0,20,37.517710,126.913057
영등포동2가,65,3,49,4,5,5,18,4,20,37.520839,126.910094
영등포동3가,51,0,258,37,7,6,15,9,20,37.518155,126.907998
영등포동4가,35,13,159,35,9,8,37,2,20,37.517981,126.903506
영등포동5가,36,1,87,18,2,3,3,6,20,37.521133,126.907084
영등포동6가,20,0,78,19,4,3,10,0,20,37.521556,126.903090
영등포동7가,30,5,150,7,11,9,17,1,20,37.524619,126.906670
영등포동8가,24,6,63,14,6,7,14,0,20,37.527015,126.905253
여의도동,97,42,1677,196,56,60,258,62,20,37.524371,126.925958
당산동1가,79,1,141,10,7,5,21,4,20,37.522336,126.898748
당산동2가,21,1,82,8,10,6,5,0,20,37.522967,126.892688
당산동3가,36,8,281,21,10,7,27,8,20,37.525551,126.896668
당산동4가,40,7,101,21,4,6,25,0,20,37.528887,126.898848
당산동5가,16,7,89,33,5,19,11,2,20,37.532856,126.899187
당산동6가,94,6,121,37,12,5,11,7,20,37.534373,126.903445
당산동,27,1,33,0,6,18,6,8,20,37.528625,126.907439
도림동,227,5,126,19,11,24,22,4,20,37.509277,126.902494
문래동1가,41,0,26,1,2,3,6,0,20,37.512364,126.897201
문래동2가,44,0,141,5,2,3,8,6,20,37.513290,126.893779
문래동3가,67,11,279,44,13,21,46,5,20,37.516929,126.897249
문래동4가,51,0,69,3,1,2,8,4,20,37.515082,126.890475
문래동5가,26,1,18,0,3,6,5,0,20,37.515863,126.885676
문래동6가,39,4,62,16,6,8,11,0,20,37.519342,126.886528
양평동1가,54,1,109,4,4,10,18,2,20,37.523571,126.888814
양평동2가,47,2,91,10,6,7,10,2,20,37.524270,126.884578
양평동3가,71,6,80,6,16,13,12,0,20,37.528148,126.889731
양평동4가,64,5,214,17,7,8,22,4,20,37.537079,126.896260
양평동5가,45,4,65,12,5,6,11,1,20,37.538964,126.893422
양평동6가,24,0,15,0,4,4,0,0,20,37.542645,126.890065
양화동,7,0,1,0,1,6,0,0,20,37.545629,126.891554
신길동,1106,31,761,171,68,143,89,21,20,37.507088,126.913103
대림동,600,6,837,120,34,67,66,16,20,37.494306,126.900642
양평동,8,0,0,0,0,0,0,4,20,37.522602,126.881344
노량진동,163,12,473,55,21,38,73,26,12,37.510162,126.940418
상도동,485,23,618,182,49,133,92,28,12,37.499206,126.940385
상도1동,52,4,120,31,13,17,23,3,12,37.502889,126.950645
본동,38,1,22,9,4,26,4,0,12,37.511491,126.954336
흑석동,129,7,306,64,12,50,39,9,12,37.505964,126.962578
동작동,15,1,6,0,2,17,3,0,12,37.496605,126.980985
사당동,499,25,938,198,48,87,127,64,12,37.483974,126.974999
대방동,123,16,195,76,21,52,28,13,12,37.504791,126.927862
신대방동,208,21,338,74,26,42,68,14,12,37.492678,126.917721
봉천동,10,89,2168,370,143,212,250,93,5,37.482717,126.949951
신림동,11,84,2327,368,169,274,307,229,5,37.476412,126.925691
남현동,1,5,194,37,14,6,26,24,5,37.474116,126.976721
방배동,709,58,1121,244,70,162,209,12,15,37.484677,126.989955
양재동,310,18,910,97,55,70,134,11,15,37.474839,127.041717
우면동,81,10,80,31,9,38,41,1,15,37.466629,127.021892
원지동,8,0,24,1,0,7,10,0,15,37.446848,127.053774
잠원동,132,19,426,181,28,40,62,7,15,37.513667,127.016166
반포동,299,51,746,187,52,83,137,10,15,37.502816,127.010493
서초동,459,134,2096,638,127,187,370,50,15,37.488514,127.016222
내곡동,43,0,24,10,4,26,6,0,15,37.456881,127.074171
염곡동,16,0,4,1,1,13,6,0,15,37.462035,127.052837
신원동,38,1,49,7,6,24,19,0,15,37.447112,127.058841
역삼동,767,132,3117,621,165,73,487,110,1,37.500335,127.037596
개포동,639,17,399,120,31,76,72,3,1,37.478260,127.052024
청담동,359,63,924,279,42,26,97,33,1,37.523404,127.046858
삼성동,604,77,1200,213,82,62,227,41,1,37.512792,127.053085
대치동,564,64,1382,295,88,68,251,15,1,37.501711,127.057851
논현동,793,105,2000,506,105,47,261,49,1,37.513093,127.031353
압구정동,67,5,104,20,9,17,25,2,1,37.528752,127.031766
세곡동,67,2,82,25,5,34,20,0,1,37.466494,127.103021
자곡동,51,1,84,15,18,17,17,0,1,37.476796,127.100387
율현동,63,1,27,6,2,12,9,0,1,37.471450,127.107251
일원동,292,8,225,76,17,43,41,0,1,37.491326,127.083799
수서동,83,6,187,56,13,28,38,0,1,37.485767,127.098137
도곡동,285,36,498,161,32,44,82,1,1,37.486509,127.040738
잠실동,299,50,1038,233,34,46,125,33,18,37.506967,127.083673
신천동,95,37,412,126,12,25,73,0,18,37.517302,127.104967
풍납동,211,8,199,67,16,32,22,1,18,37.534673,127.117643
송파동,216,38,613,90,22,19,71,6,18,37.506058,127.111216
석촌동,163,24,586,100,25,19,40,9,18,37.502699,127.102321
삼전동,190,20,316,62,18,13,32,4,18,37.502724,127.092352
가락동,261,29,904,180,34,66,107,53,18,37.496486,127.126006
문정동,242,64,1235,137,44,49,168,12,18,37.486581,127.127495
장지동,167,10,180,39,11,50,23,1,18,37.478077,127.133269
방이동,265,36,938,126,41,50,80,39,18,37.512017,127.116902
오금동,214,15,266,46,20,34,34,3,18,37.503984,127.135124
거여동,427,12,256,74,20,42,36,5,18,37.494161,127.145196
마천동,287,2,327,66,16,29,20,10,18,37.497117,127.152393
명일동,206,17,376,149,21,42,66,5,2,37.549276,127.147555
고덕동,306,10,223,46,21,41,52,2,2,37.561068,127.160582
상일동,207,6,180,18,19,61,41,1,2,37.548220,127.170630
길동,318,21,567,119,42,37,49,94,2,37.539123,127.143163
둔촌동,223,10,177,34,19,40,35,2,2,37.531157,127.142891
암사동,485,19,356,92,38,30,65,12,2,37.552497,127.133010
성내동,559,57,915,170,61,55,129,18,2,37.531338,127.129174
천호동,834,24,950,205,78,54,122,34,2,37.543676,127.131748
강일동,63,3,66,41,15,49,16,0,2,37.569204,127.171620
