dong_id,type_id,score,score_id
1,2,2,1
1,3,1,2
1,5,1,3
1,4,1,4
1,1,1,5
1,8,2,6
1,6,1,7
1,7,1,8
2,2,2,9
2,3,1,10
2,5,1,11
2,4,1,12
2,1,1,13
2,8,1,14
2,6,1,15
2,7,1,16
3,2,1,17
3,3,1,18
3,5,1,19
3,4,1,20
3,1,1,21
3,8,1,22
3,6,1,23
3,7,1,24
4,2,1,25
4,3,1,26
4,5,1,27
4,4,1,28
4,1,1,29
4,8,1,30
4,6,1,31
4,7,1,32
5,2,1,33
5,3,1,34
5,5,1,35
5,4,1,36
5,1,1,37
5,8,1,38
5,6,1,39
5,7,1,40
6,2,1,41
6,3,1,42
6,5,2,43
6,4,1,44
6,1,1,45
6,8,1,46
6,6,1,47
6,7,1,48
7,2,1,49
7,3,1,50
7,5,2,51
7,4,2,52
7,1,1,53
7,8,1,54
7,6,2,55
7,7,1,56
8,2,1,57
8,3,1,58
8,5,2,59
8,4,1,60
8,1,1,61
8,8,1,62
8,6,1,63
8,7,1,64
9,2,2,65
9,3,1,66
9,5,1,67
9,4,1,68
9,1,1,69
9,8,1,70
9,6,1,71
9,7,1,72
10,2,2,73
10,3,1,74
10,5,2,75
10,4,1,76
10,1,1,77
10,8,1,78
10,6,1,79
10,7,1,80
11,2,2,81
11,3,1,82
11,5,1,83
11,4,1,84
11,1,1,85
11,8,1,86
11,6,1,87
11,7,1,88
12,2,1,89
12,3,1,90
12,5,2,91
12,4,1,92
12,1,1,93
12,8,1,94
12,6,2,95
12,7,1,96
13,2,1,97
13,3,1,98
13,5,2,99
13,4,1,100
13,1,1,101
13,8,1,102
13,6,1,103
13,7,1,104
14,2,1,105
14,3,2,106
14,5,2,107
14,4,2,108
14,1,1,109
14,8,1,110
14,6,1,111
14,7,1,112
15,2,2,113
15,3,2,114
15,5,1,115
15,4,1,116
15,1,1,117
15,8,2,118
15,6,2,119
15,7,1,120
16,2,1,121
16,3,1,122
16,5,1,123
16,4,1,124
16,1,1,125
16,8,1,126
16,6,1,127
16,7,1,128
17,2,1,129
17,3,1,130
17,5,2,131
17,4,2,132
17,1,1,133
17,8,1,134
17,6,2,135
17,7,2,136
18,2,1,137
18,3,3,138
18,5,2,139
18,4,2,140
18,1,2,141
18,8,1,142
18,6,2,143
18,7,2,144
19,2,1,145
19,3,1,146
19,5,1,147
19,4,1,148
19,1,1,149
19,8,2,150
19,6,2,151
19,7,1,152
20,2,1,153
20,3,2,154
20,5,2,155
20,4,2,156
20,1,2,157
20,8,2,158
20,6,2,159
20,7,1,160
21,2,1,161
21,3,2,162
21,5,2,163
21,4,1,164
21,1,1,165
21,8,1,166
21,6,2,167
21,7,1,168
22,2,1,169
22,3,1,170
22,5,2,171
22,4,2,172
22,1,2,173
22,8,1,174
22,6,2,175
22,7,2,176
23,2,1,177
23,3,1,178
23,5,1,179
23,4,1,180
23,1,1,181
23,8,1,182
23,6,2,183
23,7,1,184
24,2,1,185
24,3,1,186
24,5,2,187
24,4,2,188
24,1,1,189
24,8,1,190
24,6,2,191
24,7,1,192
25,2,1,193
25,3,1,194
25,5,1,195
25,4,1,196
25,1,1,197
25,8,1,198
25,6,1,199
25,7,1,200
26,2,1,201
26,3,2,202
26,5,2,203
26,4,2,204
26,1,1,205
26,8,2,206
26,6,2,207
26,7,1,208
27,2,1,209
27,3,1,210
27,5,2,211
27,4,1,212
27,1,1,213
27,8,1,214
27,6,2,215
27,7,1,216
28,2,1,217
28,3,1,218
28,5,2,219
28,4,1,220
28,1,1,221
28,8,1,222
28,6,2,223
28,7,1,224
29,2,1,225
29,3,1,226
29,5,1,227
29,4,2,228
29,1,1,229
29,8,2,230
29,6,1,231
29,7,1,232
30,2,1,233
30,3,1,234
30,5,1,235
30,4,1,236
30,1,1,237
30,8,2,238
30,6,2,239
30,7,1,240
31,2,1,241
31,3,1,242
31,5,1,243
31,4,1,244
31,1,1,245
31,8,1,246
31,6,1,247
31,7,1,248
32,2,1,249
32,3,1,250
32,5,1,251
32,4,1,252
32,1,1,253
32,8,1,254
32,6,1,255
32,7,2,256
33,2,1,257
33,3,1,258
33,5,2,259
33,4,1,260
33,1,1,261
33,8,1,262
33,6,2,263
33,7,1,264
34,2,1,265
34,3,1,266
34,5,1,267
34,4,2,268
34,1,1,269
34,8,2,270
34,6,1,271
34,7,1,272
35,2,1,273
35,3,2,274
35,5,3,275
35,4,2,276
35,1,2,277
35,8,2,278
35,6,2,279
35,7,2,280
36,2,1,281
36,3,1,282
36,5,2,283
36,4,1,284
36,1,1,285
36,8,1,286
36,6,1,287
36,7,2,288
37,2,1,289
37,3,2,290
37,5,3,291
37,4,2,292
37,1,2,293
37,8,1,294
37,6,1,295
37,7,2,296
38,2,1,297
38,3,1,298
38,5,2,299
38,4,2,300
38,1,1,301
38,8,2,302
38,6,2,303
38,7,1,304
39,2,1,305
39,3,1,306
39,5,1,307
39,4,1,308
39,1,1,309
39,8,1,310
39,6,1,311
39,7,1,312
40,2,2,313
40,3,1,314
40,5,2,315
40,4,1,316
40,1,1,317
40,8,2,318
40,6,2,319
40,7,1,320
41,2,1,321
41,3,1,322
41,5,1,323
41,4,2,324
41,1,1,325
41,8,1,326
41,6,2,327
41,7,1,328
42,2,1,329
42,3,1,330
42,5,1,331
42,4,1,332
42,1,1,333
42,8,1,334
42,6,1,335
42,7,1,336
43,2,1,337
43,3,1,338
43,5,1,339
43,4,1,340
43,1,1,341
43,8,1,342
43,6,1,343
43,7,1,344
44,2,1,345
44,3,1,346
44,5,1,347
44,4,1,348
44,1,1,349
44,8,1,350
44,6,1,351
44,7,1,352
45,2,1,353
45,3,1,354
45,5,1,355
45,4,1,356
45,1,1,357
45,8,1,358
45,6,1,359
45,7,1,360
46,2,1,361
46,3,1,362
46,5,1,363
46,4,1,364
46,1,1,365
46,8,2,366
46,6,2,367
46,7,1,368
47,2,1,369
47,3,1,370
47,5,2,371
47,4,1,372
47,1,1,373
47,8,1,374
47,6,2,375
47,7,1,376
48,2,1,377
48,3,1,378
48,5,2,379
48,4,1,380
48,1,1,381
48,8,2,382
48,6,2,383
48,7,1,384
49,2,2,385
49,3,1,386
49,5,1,387
49,4,1,388
49,1,1,389
49,8,1,390
49,6,1,391
49,7,1,392
50,2,2,393
50,3,1,394
50,5,1,395
50,4,1,396
50,1,1,397
50,8,1,398
50,6,1,399
50,7,1,400
51,2,1,401
51,3,1,402
51,5,2,403
51,4,1,404
51,1,1,405
51,8,1,406
51,6,2,407
51,7,2,408
52,2,1,409
52,3,1,410
52,5,1,411
52,4,1,412
52,1,1,413
52,8,1,414
52,6,1,415
52,7,1,416
53,2,2,417
53,3,2,418
53,5,2,419
53,4,1,420
53,1,1,421
53,8,1,422
53,6,1,423
53,7,2,424
54,2,1,425
54,3,1,426
54,5,1,427
54,4,1,428
54,1,1,429
54,8,1,430
54,6,1,431
54,7,2,432
55,2,1,433
55,3,1,434
55,5,2,435
55,4,1,436
55,1,2,437
55,8,1,438
55,6,2,439
55,7,2,440
56,2,1,441
56,3,1,442
56,5,2,443
56,4,2,444
56,1,1,445
56,8,2,446
56,6,1,447
56,7,1,448
57,2,1,449
57,3,1,450
57,5,2,451
57,4,1,452
57,1,1,453
57,8,1,454
57,6,1,455
57,7,2,456
58,2,1,457
58,3,1,458
58,5,1,459
58,4,1,460
58,1,1,461
58,8,1,462
58,6,1,463
58,7,1,464
59,2,1,465
59,3,2,466
59,5,1,467
59,4,1,468
59,1,1,469
59,8,1,470
59,6,1,471
59,7,2,472
60,2,1,473
60,3,1,474
60,5,2,475
60,4,1,476
60,1,1,477
60,8,1,478
60,6,2,479
60,7,2,480
61,2,1,481
61,3,1,482
61,5,1,483
61,4,2,484
61,1,1,485
61,8,2,486
61,6,1,487
61,7,1,488
62,2,2,489
62,3,1,490
62,5,2,491
62,4,2,492
62,1,1,493
62,8,1,494
62,6,1,495
62,7,2,496
63,2,1,497
63,3,1,498
63,5,3,499
63,4,3,500
63,1,1,501
63,8,2,502
63,6,2,503
63,7,1,504
64,2,2,505
64,3,1,506
64,5,2,507
64,4,2,508
64,1,2,509
64,8,2,510
64,6,2,511
64,7,1,512
65,2,2,513
65,3,1,514
65,5,2,515
65,4,1,516
65,1,1,517
65,8,1,518
65,6,1,519
65,7,1,520
66,2,2,521
66,3,2,522
66,5,2,523
66,4,2,524
66,1,1,525
66,8,2,526
66,6,2,527
66,7,1,528
67,2,2,529
67,3,1,530
67,5,1,531
67,4,1,532
67,1,1,533
67,8,1,534
67,6,1,535
67,7,2,536
68,2,2,537
68,3,1,538
68,5,3,539
68,4,2,540
68,1,2,541
68,8,1,542
68,6,3,543
68,7,1,544
69,2,2,545
69,3,2,546
69,5,2,547
69,4,2,548
69,1,2,549
69,8,2,550
69,6,2,551
69,7,2,552
70,2,2,553
70,3,1,554
70,5,1,555
70,4,2,556
70,1,1,557
70,8,2,558
70,6,1,559
70,7,1,560
71,2,1,561
71,3,3,562
71,5,2,563
71,4,2,564
71,1,1,565
71,8,2,566
71,6,2,567
71,7,2,568
72,2,1,569
72,3,1,570
72,5,3,571
72,4,2,572
72,1,1,573
72,8,1,574
72,6,2,575
72,7,1,576
73,2,2,577
73,3,1,578
73,5,2,579
73,4,1,580
73,1,1,581
73,8,2,582
73,6,2,583
73,7,2,584
74,2,3,585
74,3,2,586
74,5,3,587
74,4,3,588
74,1,2,589
74,8,2,590
74,6,3,591
74,7,2,592
75,2,3,593
75,3,2,594
75,5,3,595
75,4,2,596
75,1,3,597
75,8,2,598
75,6,2,599
75,7,2,600
76,2,1,601
76,3,2,602
76,5,1,603
76,4,1,604
76,1,1,605
76,8,1,606
76,6,1,607
76,7,2,608
77,2,1,609
77,3,1,610
77,5,1,611
77,4,2,612
77,1,1,613
77,8,2,614
77,6,2,615
77,7,1,616
78,2,2,617
78,3,1,618
78,5,1,619
78,4,1,620
78,1,1,621
78,8,1,622
78,6,1,623
78,7,1,624
79,2,2,625
79,3,1,626
79,5,1,627
79,4,1,628
79,1,1,629
79,8,1,630
79,6,1,631
79,7,1,632
80,2,1,633
80,3,1,634
80,5,1,635
80,4,1,636
80,1,1,637
80,8,2,638
80,6,1,639
80,7,1,640
81,2,2,641
81,3,1,642
81,5,1,643
81,4,1,644
81,1,1,645
81,8,1,646
81,6,1,647
81,7,1,648
82,2,2,649
82,3,1,650
82,5,2,651
82,4,1,652
82,1,1,653
82,8,2,654
82,6,1,655
82,7,1,656
83,2,2,657
83,3,2,658
83,5,2,659
83,4,2,660
83,1,1,661
83,8,3,662
83,6,3,663
83,7,2,664
84,2,2,665
84,3,1,666
84,5,2,667
84,4,1,668
84,1,1,669
84,8,2,670
84,6,2,671
84,7,1,672
85,2,2,673
85,3,1,674
85,5,1,675
85,4,1,676
85,1,2,677
85,8,2,678
85,6,2,679
85,7,1,680
86,2,2,681
86,3,2,682
86,5,1,683
86,4,1,684
86,1,1,685
86,8,2,686
86,6,1,687
86,7,1,688
87,2,2,689
87,3,1,690
87,5,2,691
87,4,2,692
87,1,2,693
87,8,2,694
87,6,1,695
87,7,1,696
88,2,1,697
88,3,2,698
88,5,2,699
88,4,2,700
88,1,1,701
88,8,1,702
88,6,1,703
88,7,2,704
89,2,2,705
89,3,2,706
89,5,2,707
89,4,2,708
89,1,1,709
89,8,1,710
89,6,2,711
89,7,2,712
90,2,1,713
90,3,2,714
90,5,2,715
90,4,1,716
90,1,1,717
90,8,2,718
90,6,2,719
90,7,1,720
91,2,1,721
91,3,1,722
91,5,1,723
91,4,1,724
91,1,1,725
91,8,2,726
91,6,2,727
91,7,1,728
92,2,1,729
92,3,1,730
92,5,2,731
92,4,2,732
92,1,2,733
92,8,1,734
92,6,3,735
92,7,2,736
93,2,1,737
93,3,1,738
93,5,1,739
93,4,1,740
93,1,1,741
93,8,1,742
93,6,1,743
93,7,1,744
94,2,1,745
94,3,1,746
94,5,1,747
94,4,1,748
94,1,1,749
94,8,1,750
94,6,1,751
94,7,1,752
95,2,1,753
95,3,1,754
95,5,1,755
95,4,1,756
95,1,2,757
95,8,1,758
95,6,1,759
95,7,1,760
96,2,1,761
96,3,2,762
96,5,1,763
96,4,1,764
96,1,2,765
96,8,1,766
96,6,1,767
96,7,1,768
97,2,1,769
97,3,1,770
97,5,1,771
97,4,1,772
97,1,1,773
97,8,1,774
97,6,2,775
97,7,1,776
98,2,1,777
98,3,1,778
98,5,2,779
98,4,1,780
98,1,2,781
98,8,1,782
98,6,2,783
98,7,1,784
99,2,2,785
99,3,1,786
99,5,2,787
99,4,2,788
99,1,2,789
99,8,2,790
99,6,3,791
99,7,1,792
100,2,2,793
100,3,1,794
100,5,2,795
100,4,1,796
100,1,2,797
100,8,1,798
100,6,1,799
100,7,2,800
101,2,1,801
101,3,1,802
101,5,2,803
101,4,2,804
101,1,2,805
101,8,2,806
101,6,2,807
101,7,2,808
102,2,1,809
102,3,2,810
102,5,1,811
102,4,1,812
102,1,1,813
102,8,2,814
102,6,1,815
102,7,1,816
103,2,1,817
103,3,1,818
103,5,1,819
103,4,1,820
103,1,1,821
103,8,1,822
103,6,1,823
103,7,1,824
104,2,2,825
104,3,1,826
104,5,1,827
104,4,1,828
104,1,1,829
104,8,1,830
104,6,1,831
104,7,1,832
105,2,2,833
105,3,2,834
105,5,2,835
105,4,2,836
105,1,2,837
105,8,2,838
105,6,3,839
105,7,1,840
106,2,1,841
106,3,1,842
106,5,1,843
106,4,1,844
106,1,1,845
106,8,2,846
106,6,1,847
106,7,1,848
107,2,2,849
107,3,1,850
107,5,1,851
107,4,1,852
107,1,2,853
107,8,2,854
107,6,1,855
107,7,1,856
108,2,3,857
108,3,1,858
108,5,2,859
108,4,2,860
108,1,2,861
108,8,1,862
108,6,2,863
108,7,1,864
109,2,2,865
109,3,1,866
109,5,1,867
109,4,1,868
109,1,1,869
109,8,1,870
109,6,1,871
109,7,1,872
110,2,1,873
110,3,1,874
110,5,1,875
110,4,1,876
110,1,1,877
110,8,1,878
110,6,1,879
110,7,1,880
111,2,2,881
111,3,3,882
111,5,2,883
111,4,2,884
111,1,2,885
111,8,1,886
111,6,2,887
111,7,1,888
112,2,1,889
112,3,3,890
112,5,2,891
112,4,2,892
112,1,2,893
112,8,1,894
112,6,3,895
112,7,1,896
113,2,1,897
113,3,1,898
113,5,2,899
113,4,2,900
113,1,1,901
113,8,1,902
113,6,2,903
113,7,1,904
114,2,1,905
114,3,2,906
114,5,2,907
114,4,2,908
114,1,2,909
114,8,1,910
114,6,2,911
114,7,1,912
115,2,2,913
115,3,1,914
115,5,1,915
115,4,2,916
115,1,1,917
115,8,1,918
115,6,1,919
115,7,1,920
116,2,2,921
116,3,1,922
116,5,1,923
116,4,1,924
116,1,1,925
116,8,1,926
116,6,2,927
116,7,1,928
117,2,1,929
117,3,1,930
117,5,1,931
117,4,1,932
117,1,1,933
117,8,1,934
117,6,1,935
117,7,1,936
118,2,2,937
118,3,1,938
118,5,1,939
118,4,1,940
118,1,1,941
118,8,1,942
118,6,1,943
118,7,1,944
119,2,2,945
119,3,3,946
119,5,2,947
119,4,2,948
119,1,2,949
119,8,1,950
119,6,2,951
119,7,2,952
120,2,2,953
120,3,1,954
120,5,2,955
120,4,1,956
120,1,2,957
120,8,1,958
120,6,1,959
120,7,1,960
121,2,1,961
121,3,1,962
121,5,2,963
121,4,1,964
121,1,1,965
121,8,1,966
121,6,1,967
121,7,1,968
122,2,2,969
122,3,1,970
122,5,1,971
122,4,1,972
122,1,1,973
122,8,1,974
122,6,1,975
122,7,1,976
123,2,2,977
123,3,1,978
123,5,1,979
123,4,1,980
123,1,1,981
123,8,1,982
123,6,2,983
123,7,1,984
124,2,1,985
124,3,1,986
124,5,1,987
124,4,1,988
124,1,1,989
124,8,1,990
124,6,2,991
124,7,2,992
125,2,2,993
125,3,2,994
125,5,2,995
125,4,2,996
125,1,1,997
125,8,1,998
125,6,2,999
125,7,2,1000
126,2,2,1001
126,3,1,1002
126,5,2,1003
126,4,1,1004
126,1,1,1005
126,8,1,1006
126,6,2,1007
126,7,2,1008
127,2,1,1009
127,3,1,1010
127,5,1,1011
127,4,1,1012
127,1,1,1013
127,8,1,1014
127,6,1,1015
127,7,1,1016
128,2,1,1017
128,3,1,1018
128,5,1,1019
128,4,1,1020
128,1,1,1021
128,8,1,1022
128,6,1,1023
128,7,1,1024
129,2,2,1025
129,3,1,1026
129,5,1,1027
129,4,1,1028
129,1,1,1029
129,8,1,1030
129,6,1,1031
129,7,1,1032
130,2,2,1033
130,3,1,1034
130,5,1,1035
130,4,1,1036
130,1,1,1037
130,8,1,1038
130,6,1,1039
130,7,1,1040
131,2,3,1041
131,3,1,1042
131,5,2,1043
131,4,1,1044
131,1,2,1045
131,8,2,1046
131,6,2,1047
131,7,2,1048
132,2,2,1049
132,3,1,1050
132,5,2,1051
132,4,1,1052
132,1,1,1053
132,8,1,1054
132,6,2,1055
132,7,1,1056
133,2,2,1057
133,3,1,1058
133,5,1,1059
133,4,1,1060
133,1,1,1061
133,8,2,1062
133,6,1,1063
133,7,1,1064
134,2,1,1065
134,3,1,1066
134,5,1,1067
134,4,2,1068
134,1,1,1069
134,8,1,1070
134,6,2,1071
134,7,1,1072
135,2,2,1073
135,3,3,1074
135,5,3,1075
135,4,2,1076
135,1,3,1077
135,8,2,1078
135,6,3,1079
135,7,2,1080
136,2,1,1081
136,3,1,1082
136,5,1,1083
136,4,1,1084
136,1,1,1085
136,8,1,1086
136,6,2,1087
136,7,1,1088
137,2,1,1089
137,3,1,1090
137,5,1,1091
137,4,2,1092
137,1,2,1093
137,8,2,1094
137,6,2,1095
137,7,1,1096
138,2,1,1097
138,3,1,1098
138,5,1,1099
138,4,1,1100
138,1,2,1101
138,8,1,1102
138,6,2,1103
138,7,1,1104
139,2,2,1105
139,3,1,1106
139,5,2,1107
139,4,1,1108
139,1,1,1109
139,8,1,1110
139,6,2,1111
139,7,2,1112
140,2,1,1113
140,3,1,1114
140,5,1,1115
140,4,1,1116
140,1,1,1117
140,8,1,1118
140,6,1,1119
140,7,1,1120
141,2,1,1121
141,3,1,1122
141,5,1,1123
141,4,1,1124
141,1,2,1125
141,8,1,1126
141,6,2,1127
141,7,2,1128
142,2,2,1129
142,3,1,1130
142,5,2,1131
142,4,1,1132
142,1,1,1133
142,8,2,1134
142,6,2,1135
142,7,2,1136
143,2,1,1137
143,3,1,1138
143,5,1,1139
143,4,1,1140
143,1,1,1141
143,8,1,1142
143,6,1,1143
143,7,1,1144
144,2,1,1145
144,3,1,1146
144,5,1,1147
144,4,1,1148
144,1,1,1149
144,8,1,1150
144,6,1,1151
144,7,1,1152
145,2,1,1153
145,3,2,1154
145,5,2,1155
145,4,1,1156
145,1,2,1157
145,8,1,1158
145,6,2,1159
145,7,1,1160
146,2,2,1161
146,3,2,1162
146,5,2,1163
146,4,2,1164
146,1,2,1165
146,8,1,1166
146,6,1,1167
146,7,2,1168
147,2,1,1169
147,3,1,1170
147,5,1,1171
147,4,1,1172
147,1,1,1173
147,8,1,1174
147,6,2,1175
147,7,2,1176
148,2,1,1177
148,3,1,1178
148,5,2,1179
148,4,2,1180
148,1,1,1181
148,8,1,1182
148,6,2,1183
148,7,2,1184
149,2,3,1185
149,3,3,1186
149,5,3,1187
149,4,3,1188
149,1,3,1189
149,8,3,1190
149,6,3,1191
149,7,2,1192
150,2,2,1193
150,3,2,1194
150,5,2,1195
150,4,2,1196
150,1,1,1197
150,8,1,1198
150,6,2,1199
150,7,2,1200
151,2,2,1201
151,3,1,1202
151,5,1,1203
151,4,2,1204
151,1,2,1205
151,8,1,1206
151,6,1,1207
151,7,2,1208
152,2,3,1209
152,3,2,1210
152,5,3,1211
152,4,2,1212
152,1,2,1213
152,8,2,1214
152,6,3,1215
152,7,2,1216
153,2,1,1217
153,3,2,1218
153,5,2,1219
153,4,2,1220
153,1,2,1221
153,8,2,1222
153,6,2,1223
153,7,2,1224
154,2,2,1225
154,3,2,1226
154,5,2,1227
154,4,1,1228
154,1,1,1229
154,8,1,1230
154,6,2,1231
154,7,1,1232
155,2,2,1233
155,3,2,1234
155,5,2,1235
155,4,2,1236
155,1,2,1237
155,8,1,1238
155,6,2,1239
155,7,1,1240
156,2,1,1241
156,3,1,1242
156,5,1,1243
156,4,1,1244
156,1,1,1245
156,8,1,1246
156,6,1,1247
156,7,1,1248
157,2,1,1249
157,3,1,1250
157,5,1,1251
157,4,1,1252
157,1,1,1253
157,8,1,1254
157,6,1,1255
157,7,1,1256
158,2,2,1257
158,3,1,1258
158,5,2,1259
158,4,2,1260
158,1,2,1261
158,8,2,1262
158,6,2,1263
158,7,2,1264
159,2,2,1265
159,3,1,1266
159,5,1,1267
159,4,1,1268
159,1,1,1269
159,8,1,1270
159,6,1,1271
159,7,1,1272
160,2,2,1273
160,3,1,1274
160,5,1,1275
160,4,1,1276
160,1,1,1277
160,8,1,1278
160,6,1,1279
160,7,1,1280
161,2,2,1281
161,3,1,1282
161,5,1,1283
161,4,2,1284
161,1,2,1285
161,8,1,1286
161,6,1,1287
161,7,1,1288
162,2,3,1289
162,3,2,1290
162,5,2,1291
162,4,2,1292
162,1,2,1293
162,8,2,1294
162,6,2,1295
162,7,2,1296
163,2,3,1297
163,3,1,1298
163,5,3,1299
163,4,2,1300
163,1,2,1301
163,8,3,1302
163,6,2,1303
163,7,1,1304
164,2,1,1305
164,3,1,1306
164,5,1,1307
164,4,1,1308
164,1,1,1309
164,8,1,1310
164,6,1,1311
164,7,1,1312
165,2,2,1313
165,3,2,1314
165,5,2,1315
165,4,3,1316
165,1,2,1317
165,8,2,1318
165,6,2,1319
165,7,1,1320
166,2,2,1321
166,3,2,1322
166,5,2,1323
166,4,2,1324
166,1,1,1325
166,8,1,1326
166,6,1,1327
166,7,1,1328
167,2,1,1329
167,3,1,1330
167,5,1,1331
167,4,1,1332
167,1,1,1333
167,8,1,1334
167,6,1,1335
167,7,1,1336
168,2,2,1337
168,3,1,1338
168,5,2,1339
168,4,2,1340
168,1,2,1341
168,8,2,1342
168,6,2,1343
168,7,1,1344
169,2,3,1345
169,3,1,1346
169,5,2,1347
169,4,2,1348
169,1,2,1349
169,8,2,1350
169,6,2,1351
169,7,2,1352
170,2,2,1353
170,3,1,1354
170,5,1,1355
170,4,1,1356
170,1,1,1357
170,8,1,1358
170,6,1,1359
170,7,1,1360
171,2,2,1361
171,3,1,1362
171,5,2,1363
171,4,1,1364
171,1,1,1365
171,8,2,1366
171,6,3,1367
171,7,1,1368
172,2,2,1369
172,3,2,1370
172,5,2,1371
172,4,2,1372
172,1,2,1373
172,8,1,1374
172,6,2,1375
172,7,1,1376
173,2,2,1377
173,3,2,1378
173,5,2,1379
173,4,2,1380
173,1,2,1381
173,8,2,1382
173,6,2,1383
173,7,2,1384
174,2,2,1385
174,3,1,1386
174,5,2,1387
174,4,2,1388
174,1,2,1389
174,8,2,1390
174,6,1,1391
174,7,1,1392
175,2,2,1393
175,3,1,1394
175,5,1,1395
175,4,1,1396
175,1,1,1397
175,8,1,1398
175,6,1,1399
175,7,1,1400
176,2,1,1401
176,3,1,1402
176,5,1,1403
176,4,1,1404
176,1,2,1405
176,8,1,1406
176,6,1,1407
176,7,1,1408
177,2,1,1409
177,3,1,1410
177,5,1,1411
177,4,1,1412
177,1,1,1413
177,8,1,1414
177,6,1,1415
177,7,1,1416
178,2,2,1417
178,3,1,1418
178,5,1,1419
178,4,1,1420
178,1,2,1421
178,8,1,1422
178,6,1,1423
178,7,1,1424
179,2,2,1425
179,3,1,1426
179,5,1,1427
179,4,1,1428
179,1,1,1429
179,8,2,1430
179,6,1,1431
179,7,1,1432
180,2,3,1433
180,3,1,1434
180,5,1,1435
180,4,2,1436
180,1,2,1437
180,8,2,1438
180,6,2,1439
180,7,1,1440
181,2,1,1441
181,3,1,1442
181,5,1,1443
181,4,1,1444
181,1,1,1445
181,8,2,1446
181,6,1,1447
181,7,1,1448
182,2,2,1449
182,3,1,1450
182,5,2,1451
182,4,2,1452
182,1,2,1453
182,8,2,1454
182,6,2,1455
182,7,1,1456
183,2,1,1457
183,3,1,1458
183,5,1,1459
183,4,1,1460
183,1,2,1461
183,8,2,1462
183,6,1,1463
183,7,1,1464
184,2,1,1465
184,3,1,1466
184,5,1,1467
184,4,1,1468
184,1,1,1469
184,8,1,1470
184,6,1,1471
184,7,1,1472
185,2,2,1473
185,3,1,1474
185,5,2,1475
185,4,2,1476
185,1,2,1477
185,8,2,1478
185,6,2,1479
185,7,1,1480
186,2,2,1481
186,3,1,1482
186,5,3,1483
186,4,3,1484
186,1,2,1485
186,8,2,1486
186,6,3,1487
186,7,1,1488
187,2,1,1489
187,3,1,1490
187,5,1,1491
187,4,1,1492
187,1,1,1493
187,8,1,1494
187,6,1,1495
187,7,1,1496
188,2,2,1497
188,3,1,1498
188,5,1,1499
188,4,1,1500
188,1,1,1501
188,8,1,1502
188,6,1,1503
188,7,1,1504
189,2,3,1505
189,3,3,1506
189,5,3,1507
189,4,2,1508
189,1,3,1509
189,8,3,1510
189,6,3,1511
189,7,1,1512
190,2,3,1513
190,3,3,1514
190,5,2,1515
190,4,3,1516
190,1,2,1517
190,8,3,1518
190,6,2,1519
190,7,2,1520
191,2,3,1521
191,3,3,1522
191,5,3,1523
191,4,2,1524
191,1,3,1525
191,8,3,1526
191,6,3,1527
191,7,2,1528
192,2,3,1529
192,3,3,1530
192,5,3,1531
192,4,3,1532
192,1,2,1533
192,8,3,1534
192,6,3,1535
192,7,2,1536
193,2,2,1537
193,3,2,1538
193,5,1,1539
193,4,1,1540
193,1,1,1541
193,8,2,1542
193,6,1,1543
193,7,1,1544
194,2,2,1545
194,3,1,1546
194,5,1,1547
194,4,1,1548
194,1,1,1549
194,8,2,1550
194,6,1,1551
194,7,1,1552
195,2,1,1553
195,3,1,1554
195,5,1,1555
195,4,1,1556
195,1,1,1557
195,8,1,1558
195,6,1,1559
195,7,1,1560
196,2,2,1561
196,3,1,1562
196,5,1,1563
196,4,1,1564
196,1,2,1565
196,8,2,1566
196,6,1,1567
196,7,1,1568
197,2,3,1569
197,3,2,1570
197,5,2,1571
197,4,2,1572
197,1,2,1573
197,8,2,1574
197,6,2,1575
197,7,1,1576
198,2,1,1577
198,3,1,1578
198,5,2,1579
198,4,2,1580
198,1,2,1581
198,8,2,1582
198,6,1,1583
198,7,1,1584
199,2,3,1585
199,3,3,1586
199,5,3,1587
199,4,3,1588
199,1,3,1589
199,8,3,1590
199,6,3,1591
199,7,2,1592
200,2,2,1593
200,3,2,1594
200,5,2,1595
200,4,2,1596
200,1,1,1597
200,8,1,1598
200,6,1,1599
200,7,2,1600
201,2,2,1601
201,3,3,1602
201,5,2,1603
201,4,3,1604
201,1,2,1605
201,8,1,1606
201,6,2,1607
201,7,2,1608
202,2,3,1609
202,3,2,1610
202,5,2,1611
202,4,2,1612
202,1,2,1613
202,8,3,1614
202,6,2,1615
202,7,2,1616
203,2,3,1617
203,3,1,1618
203,5,1,1619
203,4,1,1620
203,1,2,1621
203,8,2,1622
203,6,2,1623
203,7,1,1624
204,2,3,1625
204,3,3,1626
204,5,3,1627
204,4,3,1628
204,1,3,1629
204,8,3,1630
204,6,3,1631
204,7,2,1632
205,2,3,1633
205,3,1,1634
205,5,1,1635
205,4,2,1636
205,1,2,1637
205,8,3,1638
205,6,1,1639
205,7,1,1640
206,2,2,1641
206,3,2,1642
206,5,2,1643
206,4,2,1644
206,1,2,1645
206,8,3,1646
206,6,2,1647
206,7,1,1648
207,2,3,1649
207,3,2,1650
207,5,2,1651
207,4,2,1652
207,1,2,1653
207,8,2,1654
207,6,1,1655
207,7,2,1656
208,2,3,1657
208,3,1,1658
208,5,2,1659
208,4,3,1660
208,1,2,1661
208,8,3,1662
208,6,2,1663
208,7,1,1664
209,2,3,1665
209,3,2,1666
209,5,2,1667
209,4,3,1668
209,1,2,1669
209,8,3,1670
209,6,2,1671
209,7,1,1672
210,2,3,1673
210,3,3,1674
210,5,2,1675
210,4,3,1676
210,1,2,1677
210,8,3,1678
210,6,2,1679
210,7,1,1680
211,2,3,1681
211,3,3,1682
211,5,3,1683
211,4,3,1684
211,1,3,1685
211,8,3,1686
211,6,3,1687
211,7,2,1688
212,2,3,1689
212,3,3,1690
212,5,3,1691
212,4,3,1692
212,1,3,1693
212,8,3,1694
212,6,3,1695
212,7,2,1696
213,2,3,1697
213,3,1,1698
213,5,2,1699
213,4,2,1700
213,1,2,1701
213,8,2,1702
213,6,2,1703
213,7,2,1704
214,2,3,1705
214,3,2,1706
214,5,2,1707
214,4,3,1708
214,1,2,1709
214,8,2,1710
214,6,3,1711
214,7,2,1712
215,2,3,1713
215,3,3,1714
215,5,3,1715
215,4,3,1716
215,1,3,1717
215,8,3,1718
215,6,3,1719
215,7,2,1720
216,2,2,1721
216,3,2,1722
216,5,2,1723
216,4,2,1724
216,1,3,1725
216,8,2,1726
216,6,3,1727
216,7,2,1728
217,2,3,1729
217,3,3,1730
217,5,3,1731
217,4,3,1732
217,1,3,1733
217,8,3,1734
217,6,3,1735
217,7,2,1736
218,2,2,1737
218,3,3,1738
218,5,2,1739
218,4,3,1740
218,1,3,1741
218,8,3,1742
218,6,3,1743
218,7,1,1744
219,2,3,1745
219,3,3,1746
219,5,3,1747
219,4,3,1748
219,1,3,1749
219,8,3,1750
219,6,3,1751
219,7,2,1752
220,2,2,1753
220,3,3,1754
220,5,3,1755
220,4,3,1756
220,1,3,1757
220,8,2,1758
220,6,3,1759
220,7,2,1760
221,2,2,1761
221,3,3,1762
221,5,3,1763
221,4,3,1764
221,1,3,1765
221,8,3,1766
221,6,3,1767
221,7,2,1768
222,2,2,1769
222,3,2,1770
222,5,2,1771
222,4,2,1772
222,1,3,1773
222,8,2,1774
222,6,2,1775
222,7,2,1776
223,2,3,1777
223,3,3,1778
223,5,3,1779
223,4,3,1780
223,1,3,1781
223,8,3,1782
223,6,3,1783
223,7,2,1784
224,2,3,1785
224,3,3,1786
224,5,3,1787
224,4,3,1788
224,1,3,1789
224,8,3,1790
224,6,2,1791
224,7,2,1792
225,2,3,1793
225,3,3,1794
225,5,3,1795
225,4,3,1796
225,1,3,1797
225,8,3,1798
225,6,3,1799
225,7,2,1800
226,2,3,1801
226,3,3,1802
226,5,3,1803
226,4,3,1804
226,1,3,1805
226,8,3,1806
226,6,3,1807
226,7,2,1808
227,2,3,1809
227,3,3,1810
227,5,3,1811
227,4,3,1812
227,1,3,1813
227,8,3,1814
227,6,3,1815
227,7,2,1816
228,2,3,1817
228,3,3,1818
228,5,3,1819
228,4,3,1820
228,1,3,1821
228,8,3,1822
228,6,2,1823
228,7,2,1824
229,2,3,1825
229,3,3,1826
229,5,3,1827
229,4,2,1828
229,1,3,1829
229,8,2,1830
229,6,3,1831
229,7,2,1832
230,2,3,1833
230,3,3,1834
230,5,3,1835
230,4,3,1836
230,1,3,1837
230,8,3,1838
230,6,3,1839
230,7,2,1840
231,2,3,1841
231,3,3,1842
231,5,3,1843
231,4,3,1844
231,1,3,1845
231,8,3,1846
231,6,3,1847
231,7,2,1848
232,2,3,1849
232,3,3,1850
232,5,3,1851
232,4,3,1852
232,1,3,1853
232,8,3,1854
232,6,3,1855
232,7,2,1856
233,2,3,1857
233,3,3,1858
233,5,3,1859
233,4,3,1860
233,1,3,1861
233,8,3,1862
233,6,3,1863
233,7,2,1864
234,2,3,1865
234,3,3,1866
234,5,3,1867
234,4,3,1868
234,1,3,1869
234,8,3,1870
234,6,3,1871
234,7,2,1872
235,2,3,1873
235,3,3,1874
235,5,3,1875
235,4,3,1876
235,1,3,1877
235,8,3,1878
235,6,3,1879
235,7,2,1880
236,2,3,1881
236,3,3,1882
236,5,3,1883
236,4,3,1884
236,1,3,1885
236,8,3,1886
236,6,3,1887
236,7,2,1888
237,2,3,1889
237,3,3,1890
237,5,3,1891
237,4,3,1892
237,1,3,1893
237,8,3,1894
237,6,3,1895
237,7,2,1896
238,2,3,1897
238,3,2,1898
238,5,2,1899
238,4,2,1900
238,1,2,1901
238,8,3,1902
238,6,3,1903
238,7,1,1904
239,2,1,1905
239,3,1,1906
239,5,1,1907
239,4,2,1908
239,1,1,1909
239,8,2,1910
239,6,1,1911
239,7,1,1912
240,2,3,1913
240,3,2,1914
240,5,2,1915
240,4,2,1916
240,1,2,1917
240,8,3,1918
240,6,2,1919
240,7,1,1920
241,2,2,1921
241,3,2,1922
241,5,1,1923
241,4,2,1924
241,1,1,1925
241,8,1,1926
241,6,1,1927
241,7,1,1928
242,2,2,1929
242,3,2,1930
242,5,2,1931
242,4,2,1932
242,1,1,1933
242,8,1,1934
242,6,1,1935
242,7,2,1936
243,2,1,1937
243,3,1,1938
243,5,1,1939
243,4,2,1940
243,1,1,1941
243,8,1,1942
243,6,1,1943
243,7,1,1944
244,2,2,1945
244,3,1,1946
244,5,1,1947
244,4,1,1948
244,1,1,1949
244,8,1,1950
244,6,1,1951
244,7,1,1952
245,2,1,1953
245,3,2,1954
245,5,2,1955
245,4,2,1956
245,1,2,1957
245,8,1,1958
245,6,1,1959
245,7,2,1960
246,2,2,1961
246,3,2,1962
246,5,1,1963
246,4,3,1964
246,1,2,1965
246,8,1,1966
246,6,1,1967
246,7,1,1968
247,2,1,1969
247,3,1,1970
247,5,1,1971
247,4,1,1972
247,1,1,1973
247,8,1,1974
247,6,1,1975
247,7,1,1976
248,2,3,1977
248,3,1,1978
248,5,1,1979
248,4,1,1980
248,1,1,1981
248,8,2,1982
248,6,1,1983
248,7,1,1984
249,2,2,1985
249,3,1,1986
249,5,2,1987
249,4,1,1988
249,1,2,1989
249,8,2,1990
249,6,1,1991
249,7,1,1992
250,2,2,1993
250,3,1,1994
250,5,1,1995
250,4,1,1996
250,1,1,1997
250,8,2,1998
250,6,1,1999
250,7,1,2000
251,2,2,2001
251,3,1,2002
251,5,2,2003
251,4,2,2004
251,1,1,2005
251,8,1,2006
251,6,1,2007
251,7,1,2008
252,2,2,2009
252,3,1,2010
252,5,2,2011
252,4,2,2012
252,1,2,2013
252,8,2,2014
252,6,1,2015
252,7,1,2016
253,2,2,2017
253,3,3,2018
253,5,3,2019
253,4,2,2020
253,1,1,2021
253,8,1,2022
253,6,2,2023
253,7,2,2024
254,2,2,2025
254,3,1,2026
254,5,2,2027
254,4,1,2028
254,1,1,2029
254,8,2,2030
254,6,2,2031
254,7,2,2032
255,2,2,2033
255,3,1,2034
255,5,1,2035
255,4,1,2036
255,1,1,2037
255,8,1,2038
255,6,1,2039
255,7,1,2040
256,2,2,2041
256,3,1,2042
256,5,2,2043
256,4,2,2044
256,1,1,2045
256,8,1,2046
256,6,1,2047
256,7,1,2048
257,2,2,2049
257,3,1,2050
257,5,1,2051
257,4,1,2052
257,1,1,2053
257,8,1,2054
257,6,1,2055
257,7,1,2056
258,2,2,2057
258,3,1,2058
258,5,1,2059
258,4,1,2060
258,1,1,2061
258,8,1,2062
258,6,1,2063
258,7,1,2064
259,2,2,2065
259,3,1,2066
259,5,1,2067
259,4,1,2068
259,1,1,2069
259,8,2,2070
259,6,1,2071
259,7,1,2072
260,2,2,2073
260,3,1,2074
260,5,1,2075
260,4,1,2076
260,1,1,2077
260,8,1,2078
260,6,1,2079
260,7,1,2080
261,2,2,2081
261,3,1,2082
261,5,1,2083
261,4,1,2084
261,1,1,2085
261,8,1,2086
261,6,1,2087
261,7,1,2088
262,2,2,2089
262,3,3,2090
262,5,3,2091
262,4,2,2092
262,1,3,2093
262,8,2,2094
262,6,3,2095
262,7,2,2096
263,2,1,2097
263,3,1,2098
263,5,1,2099
263,4,1,2100
263,1,1,2101
263,8,1,2102
263,6,1,2103
263,7,1,2104
264,2,1,2105
264,3,1,2106
264,5,1,2107
264,4,2,2108
264,1,1,2109
264,8,1,2110
264,6,1,2111
264,7,1,2112
265,2,2,2113
265,3,1,2114
265,5,1,2115
265,4,1,2116
265,1,1,2117
265,8,1,2118
265,6,1,2119
265,7,1,2120
266,2,2,2121
266,3,1,2122
266,5,1,2123
266,4,1,2124
266,1,2,2125
266,8,1,2126
266,6,1,2127
266,7,2,2128
267,2,1,2129
267,3,2,2130
267,5,1,2131
267,4,1,2132
267,1,1,2133
267,8,2,2134
267,6,1,2135
267,7,1,2136
268,2,2,2137
268,3,1,2138
268,5,1,2139
268,4,1,2140
268,1,1,2141
268,8,1,2142
268,6,1,2143
268,7,1,2144
269,2,2,2145
269,3,1,2146
269,5,1,2147
269,4,1,2148
269,1,1,2149
269,8,1,2150
269,6,1,2151
269,7,1,2152
270,2,3,2153
270,3,3,2154
270,5,3,2155
270,4,3,2156
270,1,3,2157
270,8,3,2158
270,6,3,2159
270,7,2,2160
271,2,3,2161
271,3,3,2162
271,5,3,2163
271,4,3,2164
271,1,3,2165
271,8,3,2166
271,6,3,2167
271,7,2,2168
272,2,3,2169
272,3,3,2170
272,5,3,2171
272,4,3,2172
272,1,3,2173
272,8,3,2174
272,6,3,2175
272,7,2,2176
273,2,3,2177
273,3,3,2178
273,5,3,2179
273,4,3,2180
273,1,3,2181
273,8,3,2182
273,6,3,2183
273,7,2,2184
274,2,3,2185
274,3,1,2186
274,5,2,2187
274,4,2,2188
274,1,2,2189
274,8,2,2190
274,6,1,2191
274,7,1,2192
275,2,3,2193
275,3,3,2194
275,5,3,2195
275,4,3,2196
275,1,3,2197
275,8,3,2198
275,6,3,2199
275,7,2,2200
276,2,3,2201
276,3,2,2202
276,5,3,2203
276,4,3,2204
276,1,3,2205
276,8,3,2206
276,6,3,2207
276,7,2,2208
277,2,3,2209
277,3,3,2210
277,5,3,2211
277,4,3,2212
277,1,3,2213
277,8,3,2214
277,6,3,2215
277,7,2,2216
278,2,3,2217
278,3,3,2218
278,5,3,2219
278,4,3,2220
278,1,3,2221
278,8,3,2222
278,6,3,2223
278,7,2,2224
279,2,3,2225
279,3,3,2226
279,5,3,2227
279,4,3,2228
279,1,3,2229
279,8,3,2230
279,6,3,2231
279,7,2,2232
280,2,3,2233
280,3,1,2234
280,5,2,2235
280,4,2,2236
280,1,2,2237
280,8,2,2238
280,6,2,2239
280,7,2,2240
281,2,1,2241
281,3,3,2242
281,5,3,2243
281,4,3,2244
281,1,3,2245
281,8,3,2246
281,6,3,2247
281,7,1,2248
282,2,1,2249
282,3,3,2250
282,5,3,2251
282,4,3,2252
282,1,3,2253
282,8,3,2254
282,6,3,2255
282,7,2,2256
283,2,1,2257
283,3,3,2258
283,5,3,2259
283,4,3,2260
283,1,3,2261
283,8,3,2262
283,6,3,2263
283,7,2,2264
284,2,1,2265
284,3,2,2266
284,5,3,2267
284,4,3,2268
284,1,3,2269
284,8,3,2270
284,6,3,2271
284,7,2,2272
285,2,3,2273
285,3,3,2274
285,5,3,2275
285,4,3,2276
285,1,3,2277
285,8,3,2278
285,6,3,2279
285,7,2,2280
286,2,3,2281
286,3,3,2282
286,5,3,2283
286,4,3,2284
286,1,3,2285
286,8,3,2286
286,6,3,2287
286,7,2,2288
287,2,2,2289
287,3,2,2290
287,5,3,2291
287,4,3,2292
287,1,3,2293
287,8,3,2294
287,6,3,2295
287,7,2,2296
288,2,3,2297
288,3,3,2298
288,5,3,2299
288,4,3,2300
288,1,3,2301
288,8,3,2302
288,6,3,2303
288,7,2,2304
289,2,3,2305
289,3,3,2306
289,5,3,2307
289,4,3,2308
289,1,3,2309
289,8,3,2310
289,6,3,2311
289,7,2,2312
290,2,3,2313
290,3,1,2314
290,5,2,2315
290,4,2,2316
290,1,2,2317
290,8,2,2318
290,6,1,2319
290,7,2,2320
291,2,3,2321
291,3,3,2322
291,5,3,2323
291,4,3,2324
291,1,3,2325
291,8,3,2326
291,6,3,2327
291,7,2,2328
292,2,3,2329
292,3,3,2330
292,5,3,2331
292,4,3,2332
292,1,3,2333
292,8,3,2334
292,6,3,2335
292,7,2,2336
293,2,3,2337
293,3,3,2338
293,5,3,2339
293,4,3,2340
293,1,3,2341
293,8,3,2342
293,6,3,2343
293,7,2,2344
294,2,3,2345
294,3,2,2346
294,5,2,2347
294,4,3,2348
294,1,3,2349
294,8,3,2350
294,6,2,2351
294,7,1,2352
295,2,3,2353
295,3,3,2354
295,5,3,2355
295,4,3,2356
295,1,3,2357
295,8,3,2358
295,6,3,2359
295,7,2,2360
296,2,3,2361
296,3,3,2362
296,5,3,2363
296,4,3,2364
296,1,3,2365
296,8,3,2366
296,6,3,2367
296,7,2,2368
297,2,3,2369
297,3,3,2370
297,5,3,2371
297,4,3,2372
297,1,3,2373
297,8,3,2374
297,6,3,2375
297,7,2,2376
298,2,3,2377
298,3,3,2378
298,5,3,2379
298,4,3,2380
298,1,3,2381
298,8,3,2382
298,6,3,2383
298,7,2,2384
299,2,3,2385
299,3,2,2386
299,5,2,2387
299,4,3,2388
299,1,2,2389
299,8,2,2390
299,6,2,2391
299,7,2,2392
300,2,3,2393
300,3,3,2394
300,5,3,2395
300,4,3,2396
300,1,3,2397
300,8,3,2398
300,6,3,2399
300,7,1,2400
301,2,1,2401
301,3,1,2402
301,5,2,2403
301,4,2,2404
301,1,1,2405
301,8,2,2406
301,6,2,2407
301,7,2,2408
302,2,3,2409
302,3,1,2410
302,5,2,2411
302,4,2,2412
302,1,2,2413
302,8,2,2414
302,6,2,2415
302,7,2,2416
303,2,1,2417
303,3,1,2418
303,5,1,2419
303,4,1,2420
303,1,1,2421
303,8,1,2422
303,6,1,2423
303,7,1,2424
304,2,1,2425
304,3,1,2426
304,5,2,2427
304,4,2,2428
304,1,2,2429
304,8,1,2430
304,6,1,2431
304,7,2,2432
305,2,1,2433
305,3,1,2434
305,5,2,2435
305,4,2,2436
305,1,1,2437
305,8,2,2438
305,6,1,2439
305,7,2,2440
306,2,2,2441
306,3,1,2442
306,5,1,2443
306,4,1,2444
306,1,1,2445
306,8,2,2446
306,6,1,2447
306,7,1,2448
307,2,1,2449
307,3,2,2450
307,5,1,2451
307,4,2,2452
307,1,1,2453
307,8,1,2454
307,6,1,2455
307,7,1,2456
308,2,1,2457
308,3,2,2458
308,5,1,2459
308,4,2,2460
308,1,1,2461
308,8,2,2462
308,6,1,2463
308,7,2,2464
309,2,2,2465
309,3,1,2466
309,5,1,2467
309,4,1,2468
309,1,1,2469
309,8,2,2470
309,6,1,2471
309,7,1,2472
310,2,3,2473
310,3,2,2474
310,5,2,2475
310,4,2,2476
310,1,3,2477
310,8,3,2478
310,6,2,2479
310,7,2,2480
311,2,3,2481
311,3,3,2482
311,5,3,2483
311,4,3,2484
311,1,3,2485
311,8,3,2486
311,6,3,2487
311,7,2,2488
312,2,2,2489
312,3,3,2490
312,5,3,2491
312,4,2,2492
312,1,3,2493
312,8,2,2494
312,6,3,2495
312,7,2,2496
313,2,2,2497
313,3,2,2498
313,5,1,2499
313,4,2,2500
313,1,2,2501
313,8,2,2502
313,6,1,2503
313,7,1,2504
314,2,2,2505
314,3,3,2506
314,5,1,2507
314,4,1,2508
314,1,2,2509
314,8,1,2510
314,6,2,2511
314,7,1,2512
315,2,2,2513
315,3,1,2514
315,5,1,2515
315,4,1,2516
315,1,1,2517
315,8,1,2518
315,6,1,2519
315,7,1,2520
316,2,3,2521
316,3,3,2522
316,5,3,2523
316,4,3,2524
316,1,3,2525
316,8,2,2526
316,6,3,2527
316,7,2,2528
317,2,3,2529
317,3,3,2530
317,5,3,2531
317,4,3,2532
317,1,3,2533
317,8,3,2534
317,6,3,2535
317,7,2,2536
318,2,3,2537
318,3,3,2538
318,5,3,2539
318,4,3,2540
318,1,3,2541
318,8,3,2542
318,6,3,2543
318,7,2,2544
319,2,3,2545
319,3,3,2546
319,5,3,2547
319,4,3,2548
319,1,3,2549
319,8,3,2550
319,6,3,2551
319,7,2,2552
320,2,3,2553
320,3,3,2554
320,5,3,2555
320,4,3,2556
320,1,3,2557
320,8,3,2558
320,6,3,2559
320,7,2,2560
321,2,1,2561
321,3,3,2562
321,5,2,2563
321,4,3,2564
321,1,2,2565
321,8,3,2566
321,6,2,2567
321,7,1,2568
322,2,1,2569
322,3,3,2570
322,5,3,2571
322,4,3,2572
322,1,3,2573
322,8,3,2574
322,6,3,2575
322,7,2,2576
323,2,1,2577
323,3,2,2578
323,5,2,2579
323,4,2,2580
323,1,2,2581
323,8,2,2582
323,6,2,2583
323,7,1,2584
324,2,1,2585
324,3,3,2586
324,5,3,2587
324,4,3,2588
324,1,3,2589
324,8,3,2590
324,6,3,2591
324,7,2,2592
325,2,1,2593
325,3,2,2594
325,5,2,2595
325,4,2,2596
325,1,2,2597
325,8,2,2598
325,6,1,2599
325,7,1,2600
326,2,1,2601
326,3,1,2602
326,5,1,2603
326,4,1,2604
326,1,1,2605
326,8,1,2606
326,6,1,2607
326,7,1,2608
327,2,1,2609
327,3,1,2610
327,5,2,2611
327,4,1,2612
327,1,2,2613
327,8,1,2614
327,6,1,2615
327,7,1,2616
328,2,1,2617
328,3,2,2618
328,5,3,2619
328,4,3,2620
328,1,2,2621
328,8,3,2622
328,6,2,2623
328,7,1,2624
329,2,1,2625
329,3,2,2626
329,5,2,2627
329,4,2,2628
329,1,2,2629
329,8,2,2630
329,6,2,2631
329,7,1,2632
330,2,1,2633
330,3,3,2634
330,5,2,2635
330,4,3,2636
330,1,2,2637
330,8,2,2638
330,6,2,2639
330,7,2,2640
331,2,1,2641
331,3,2,2642
331,5,2,2643
331,4,2,2644
331,1,3,2645
331,8,3,2646
331,6,3,2647
331,7,2,2648
332,2,1,2649
332,3,1,2650
332,5,1,2651
332,4,1,2652
332,1,1,2653
332,8,1,2654
332,6,1,2655
332,7,1,2656
333,2,1,2657
333,3,1,2658
333,5,1,2659
333,4,2,2660
333,1,1,2661
333,8,2,2662
333,6,1,2663
333,7,1,2664
334,2,1,2665
334,3,3,2666
334,5,2,2667
334,4,2,2668
334,1,2,2669
334,8,3,2670
334,6,2,2671
334,7,1,2672
335,2,1,2673
335,3,2,2674
335,5,3,2675
335,4,2,2676
335,1,2,2677
335,8,2,2678
335,6,3,2679
335,7,2,2680
336,2,1,2681
336,3,1,2682
336,5,1,2683
336,4,1,2684
336,1,1,2685
336,8,1,2686
336,6,1,2687
336,7,1,2688
337,2,3,2689
337,3,3,2690
337,5,3,2691
337,4,3,2692
337,1,3,2693
337,8,3,2694
337,6,3,2695
337,7,2,2696
338,2,1,2697
338,3,1,2698
338,5,1,2699
338,4,1,2700
338,1,1,2701
338,8,1,2702
338,6,1,2703
338,7,1,2704
339,2,1,2705
339,3,3,2706
339,5,3,2707
339,4,3,2708
339,1,3,2709
339,8,3,2710
339,6,3,2711
339,7,2,2712
340,2,1,2713
340,3,3,2714
340,5,3,2715
340,4,3,2716
340,1,3,2717
340,8,2,2718
340,6,3,2719
340,7,2,2720
341,2,1,2721
341,3,3,2722
341,5,3,2723
341,4,3,2724
341,1,3,2725
341,8,3,2726
341,6,3,2727
341,7,2,2728
342,2,1,2729
342,3,3,2730
342,5,3,2731
342,4,3,2732
342,1,3,2733
342,8,3,2734
342,6,3,2735
342,7,2,2736
343,2,1,2737
343,3,2,2738
343,5,3,2739
343,4,2,2740
343,1,3,2741
343,8,3,2742
343,6,3,2743
343,7,2,2744
344,2,1,2745
344,3,3,2746
344,5,3,2747
344,4,2,2748
344,1,3,2749
344,8,3,2750
344,6,3,2751
344,7,1,2752
345,2,1,2753
345,3,1,2754
345,5,1,2755
345,4,2,2756
345,1,2,2757
345,8,2,2758
345,6,1,2759
345,7,1,2760
346,2,1,2761
346,3,3,2762
346,5,3,2763
346,4,3,2764
346,1,3,2765
346,8,3,2766
346,6,3,2767
346,7,2,2768
347,2,3,2769
347,3,3,2770
347,5,3,2771
347,4,3,2772
347,1,3,2773
347,8,3,2774
347,6,3,2775
347,7,2,2776
348,2,3,2777
348,3,3,2778
348,5,3,2779
348,4,3,2780
348,1,3,2781
348,8,3,2782
348,6,3,2783
348,7,2,2784
349,2,3,2785
349,3,3,2786
349,5,3,2787
349,4,3,2788
349,1,3,2789
349,8,3,2790
349,6,3,2791
349,7,2,2792
350,2,3,2793
350,3,3,2794
350,5,3,2795
350,4,3,2796
350,1,3,2797
350,8,3,2798
350,6,3,2799
350,7,2,2800
351,2,3,2801
351,3,3,2802
351,5,3,2803
351,4,3,2804
351,1,3,2805
351,8,3,2806
351,6,3,2807
351,7,2,2808
352,2,3,2809
352,3,3,2810
352,5,3,2811
352,4,3,2812
352,1,3,2813
352,8,3,2814
352,6,3,2815
352,7,2,2816
353,2,2,2817
353,3,3,2818
353,5,3,2819
353,4,3,2820
353,1,3,2821
353,8,3,2822
353,6,3,2823
353,7,2,2824
354,2,3,2825
354,3,3,2826
354,5,3,2827
354,4,3,2828
354,1,3,2829
354,8,3,2830
354,6,3,2831
354,7,2,2832
355,2,1,2833
355,3,1,2834
355,5,1,2835
355,4,1,2836
355,1,1,2837
355,8,2,2838
355,6,1,2839
355,7,1,2840
356,2,3,2841
356,3,2,2842
356,5,3,2843
356,4,2,2844
356,1,3,2845
356,8,3,2846
356,6,3,2847
356,7,2,2848
357,2,3,2849
357,3,3,2850
357,5,3,2851
357,4,3,2852
357,1,3,2853
357,8,3,2854
357,6,3,2855
357,7,2,2856
358,2,3,2857
358,3,1,2858
358,5,1,2859
358,4,1,2860
358,1,1,2861
358,8,2,2862
358,6,1,2863
358,7,1,2864
359,2,1,2865
359,3,1,2866
359,5,1,2867
359,4,1,2868
359,1,1,2869
359,8,1,2870
359,6,1,2871
359,7,1,2872
360,2,1,2873
360,3,1,2874
360,5,1,2875
360,4,1,2876
360,1,1,2877
360,8,1,2878
360,6,1,2879
360,7,1,2880
361,2,1,2881
361,3,1,2882
361,5,1,2883
361,4,1,2884
361,1,1,2885
361,8,1,2886
361,6,1,2887
361,7,1,2888
362,2,3,2889
362,3,3,2890
362,5,3,2891
362,4,3,2892
362,1,3,2893
362,8,3,2894
362,6,3,2895
362,7,1,2896
363,2,3,2897
363,3,3,2898
363,5,3,2899
363,4,3,2900
363,1,3,2901
363,8,3,2902
363,6,3,2903
363,7,2,2904
364,2,3,2905
364,3,1,2906
364,5,3,2907
364,4,2,2908
364,1,2,2909
364,8,2,2910
364,6,1,2911
364,7,2,2912
365,2,3,2913
365,3,3,2914
365,5,3,2915
365,4,3,2916
365,1,3,2917
365,8,3,2918
365,6,3,2919
365,7,2,2920
366,2,3,2921
366,3,3,2922
366,5,3,2923
366,4,3,2924
366,1,3,2925
366,8,3,2926
366,6,3,2927
366,7,2,2928
367,2,3,2929
367,3,3,2930
367,5,3,2931
367,4,3,2932
367,1,3,2933
367,8,3,2934
367,6,3,2935
367,7,2,2936
368,2,3,2937
368,3,1,2938
368,5,2,2939
368,4,2,2940
368,1,2,2941
368,8,3,2942
368,6,2,2943
368,7,1,2944
369,2,3,2945
369,3,2,2946
369,5,2,2947
369,4,2,2948
369,1,2,2949
369,8,2,2950
369,6,2,2951
369,7,1,2952
370,2,2,2953
370,3,2,2954
370,5,1,2955
370,4,2,2956
370,1,2,2957
370,8,3,2958
370,6,2,2959
370,7,1,2960
371,2,2,2961
371,3,2,2962
371,5,2,2963
371,4,2,2964
371,1,3,2965
371,8,3,2966
371,6,2,2967
371,7,1,2968
372,2,3,2969
372,3,3,2970
372,5,3,2971
372,4,3,2972
372,1,3,2973
372,8,3,2974
372,6,3,2975
372,7,2,2976
373,2,3,2977
373,3,3,2978
373,5,3,2979
373,4,3,2980
373,1,3,2981
373,8,3,2982
373,6,3,2983
373,7,2,2984
374,2,3,2985
374,3,3,2986
374,5,3,2987
374,4,3,2988
374,1,3,2989
374,8,3,2990
374,6,3,2991
374,7,2,2992
375,2,3,2993
375,3,3,2994
375,5,2,2995
375,4,2,2996
375,1,2,2997
375,8,2,2998
375,6,3,2999
375,7,2,3000
376,2,1,3001
376,3,1,3002
376,5,1,3003
376,4,1,3004
376,1,2,3005
376,8,1,3006
376,6,1,3007
376,7,1,3008
377,2,2,3009
377,3,2,3010
377,5,2,3011
377,4,1,3012
377,1,2,3013
377,8,2,3014
377,6,2,3015
377,7,2,3016
378,2,2,3017
378,3,1,3018
378,5,3,3019
378,4,3,3020
378,1,2,3021
378,8,2,3022
378,6,2,3023
378,7,2,3024
379,2,2,3025
379,3,3,3026
379,5,2,3027
379,4,3,3028
379,1,2,3029
379,8,2,3030
379,6,3,3031
379,7,2,3032
380,2,2,3033
380,3,1,3034
380,5,2,3035
380,4,2,3036
380,1,1,3037
380,8,1,3038
380,6,1,3039
380,7,2,3040
381,2,2,3041
381,3,1,3042
381,5,2,3043
381,4,2,3044
381,1,2,3045
381,8,1,3046
381,6,2,3047
381,7,1,3048
382,2,2,3049
382,3,2,3050
382,5,2,3051
382,4,2,3052
382,1,3,3053
382,8,2,3054
382,6,2,3055
382,7,1,3056
383,2,2,3057
383,3,2,3058
383,5,2,3059
383,4,2,3060
383,1,2,3061
383,8,2,3062
383,6,2,3063
383,7,1,3064
384,2,3,3065
384,3,3,3066
384,5,3,3067
384,4,3,3068
384,1,3,3069
384,8,3,3070
384,6,3,3071
384,7,2,3072
385,2,3,3073
385,3,1,3074
385,5,2,3075
385,4,2,3076
385,1,2,3077
385,8,2,3078
385,6,2,3079
385,7,2,3080
386,2,2,3081
386,3,1,3082
386,5,2,3083
386,4,2,3084
386,1,2,3085
386,8,2,3086
386,6,1,3087
386,7,1,3088
387,2,2,3089
387,3,3,3090
387,5,3,3091
387,4,2,3092
387,1,2,3093
387,8,2,3094
387,6,3,3095
387,7,2,3096
388,2,2,3097
388,3,3,3098
388,5,2,3099
388,4,2,3100
388,1,2,3101
388,8,2,3102
388,6,2,3103
388,7,1,3104
389,2,2,3105
389,3,3,3106
389,5,2,3107
389,4,3,3108
389,1,2,3109
389,8,2,3110
389,6,2,3111
389,7,2,3112
390,2,3,3113
390,3,2,3114
390,5,2,3115
390,4,3,3116
390,1,3,3117
390,8,2,3118
390,6,2,3119
390,7,2,3120
391,2,2,3121
391,3,1,3122
391,5,1,3123
391,4,1,3124
391,1,2,3125
391,8,2,3126
391,6,1,3127
391,7,2,3128
392,2,3,3129
392,3,2,3130
392,5,2,3131
392,4,2,3132
392,1,3,3133
392,8,3,3134
392,6,2,3135
392,7,2,3136
393,2,2,3137
393,3,1,3138
393,5,1,3139
393,4,1,3140
393,1,1,3141
393,8,1,3142
393,6,1,3143
393,7,1,3144
394,2,2,3145
394,3,1,3146
394,5,2,3147
394,4,1,3148
394,1,1,3149
394,8,1,3150
394,6,1,3151
394,7,2,3152
395,2,2,3153
395,3,3,3154
395,5,3,3155
395,4,3,3156
395,1,3,3157
395,8,2,3158
395,6,3,3159
395,7,2,3160
396,2,2,3161
396,3,1,3162
396,5,2,3163
396,4,1,3164
396,1,1,3165
396,8,1,3166
396,6,1,3167
396,7,2,3168
397,2,2,3169
397,3,1,3170
397,5,1,3171
397,4,1,3172
397,1,2,3173
397,8,2,3174
397,6,1,3175
397,7,1,3176
398,2,2,3177
398,3,2,3178
398,5,2,3179
398,4,2,3180
398,1,2,3181
398,8,2,3182
398,6,2,3183
398,7,1,3184
399,2,2,3185
399,3,1,3186
399,5,2,3187
399,4,1,3188
399,1,2,3189
399,8,2,3190
399,6,2,3191
399,7,2,3192
400,2,2,3193
400,3,2,3194
400,5,2,3195
400,4,2,3196
400,1,2,3197
400,8,2,3198
400,6,2,3199
400,7,2,3200
401,2,3,3201
401,3,2,3202
401,5,2,3203
401,4,2,3204
401,1,3,3205
401,8,2,3206
401,6,2,3207
401,7,1,3208
402,2,2,3209
402,3,2,3210
402,5,3,3211
402,4,2,3212
402,1,2,3213
402,8,2,3214
402,6,2,3215
402,7,2,3216
403,2,2,3217
403,3,2,3218
403,5,2,3219
403,4,2,3220
403,1,2,3221
403,8,2,3222
403,6,2,3223
403,7,1,3224
404,2,2,3225
404,3,1,3226
404,5,1,3227
404,4,1,3228
404,1,2,3229
404,8,1,3230
404,6,1,3231
404,7,1,3232
405,2,1,3233
405,3,1,3234
405,5,1,3235
405,4,1,3236
405,1,1,3237
405,8,2,3238
405,6,1,3239
405,7,1,3240
406,2,3,3241
406,3,3,3242
406,5,3,3243
406,4,3,3244
406,1,3,3245
406,8,3,3246
406,6,3,3247
406,7,2,3248
407,2,3,3249
407,3,2,3250
407,5,3,3251
407,4,3,3252
407,1,3,3253
407,8,3,3254
407,6,3,3255
407,7,2,3256
408,2,1,3257
408,3,1,3258
408,5,1,3259
408,4,1,3260
408,1,1,3261
408,8,1,3262
408,6,1,3263
408,7,2,3264
409,2,3,3265
409,3,3,3266
409,5,3,3267
409,4,3,3268
409,1,3,3269
409,8,3,3270
409,6,3,3271
409,7,2,3272
410,2,3,3273
410,3,3,3274
410,5,3,3275
410,4,3,3276
410,1,3,3277
410,8,3,3278
410,6,3,3279
410,7,2,3280
411,2,2,3281
411,3,2,3282
411,5,2,3283
411,4,3,3284
411,1,3,3285
411,8,2,3286
411,6,2,3287
411,7,2,3288
412,2,2,3289
412,3,1,3290
412,5,1,3291
412,4,2,3292
412,1,2,3293
412,8,3,3294
412,6,1,3295
412,7,1,3296
413,2,3,3297
413,3,3,3298
413,5,3,3299
413,4,3,3300
413,1,3,3301
413,8,3,3302
413,6,3,3303
413,7,2,3304
414,2,2,3305
414,3,1,3306
414,5,1,3307
414,4,1,3308
414,1,1,3309
414,8,2,3310
414,6,1,3311
414,7,1,3312
415,2,3,3313
415,3,3,3314
415,5,3,3315
415,4,3,3316
415,1,3,3317
415,8,3,3318
415,6,3,3319
415,7,2,3320
416,2,3,3321
416,3,3,3322
416,5,3,3323
416,4,3,3324
416,1,3,3325
416,8,3,3326
416,6,3,3327
416,7,2,3328
417,2,3,3329
417,3,3,3330
417,5,3,3331
417,4,3,3332
417,1,3,3333
417,8,3,3334
417,6,3,3335
417,7,2,3336
418,2,1,3337
418,3,3,3338
418,5,3,3339
418,4,3,3340
418,1,3,3341
418,8,3,3342
418,6,3,3343
418,7,2,3344
419,2,1,3345
419,3,3,3346
419,5,3,3347
419,4,3,3348
419,1,3,3349
419,8,3,3350
419,6,3,3351
419,7,2,3352
420,2,1,3353
420,3,2,3354
420,5,3,3355
420,4,3,3356
420,1,3,3357
420,8,2,3358
420,6,3,3359
420,7,2,3360
421,2,3,3361
421,3,3,3362
421,5,3,3363
421,4,3,3364
421,1,3,3365
421,8,3,3366
421,6,3,3367
421,7,2,3368
422,2,3,3369
422,3,3,3370
422,5,3,3371
422,4,3,3372
422,1,3,3373
422,8,3,3374
422,6,3,3375
422,7,2,3376
423,2,3,3377
423,3,3,3378
423,5,2,3379
423,4,3,3380
423,1,2,3381
423,8,3,3382
423,6,3,3383
423,7,1,3384
424,2,1,3385
424,3,1,3386
424,5,1,3387
424,4,1,3388
424,1,1,3389
424,8,2,3390
424,6,2,3391
424,7,1,3392
425,2,3,3393
425,3,3,3394
425,5,3,3395
425,4,3,3396
425,1,3,3397
425,8,3,3398
425,6,3,3399
425,7,2,3400
426,2,3,3401
426,3,3,3402
426,5,3,3403
426,4,3,3404
426,1,3,3405
426,8,3,3406
426,6,3,3407
426,7,2,3408
427,2,3,3409
427,3,3,3410
427,5,3,3411
427,4,3,3412
427,1,3,3413
427,8,3,3414
427,6,3,3415
427,7,2,3416
428,2,2,3417
428,3,1,3418
428,5,1,3419
428,4,2,3420
428,1,2,3421
428,8,3,3422
428,6,1,3423
428,7,1,3424
429,2,2,3425
429,3,1,3426
429,5,1,3427
429,4,1,3428
429,1,1,3429
429,8,2,3430
429,6,1,3431
429,7,1,3432
430,2,2,3433
430,3,1,3434
430,5,2,3435
430,4,2,3436
430,1,2,3437
430,8,3,3438
430,6,2,3439
430,7,1,3440
431,2,3,3441
431,3,3,3442
431,5,3,3443
431,4,3,3444
431,1,3,3445
431,8,3,3446
431,6,3,3447
431,7,2,3448
432,2,3,3449
432,3,3,3450
432,5,3,3451
432,4,3,3452
432,1,3,3453
432,8,3,3454
432,6,3,3455
432,7,2,3456
433,2,3,3457
433,3,3,3458
433,5,3,3459
433,4,3,3460
433,1,3,3461
433,8,3,3462
433,6,3,3463
433,7,2,3464
434,2,3,3465
434,3,3,3466
434,5,3,3467
434,4,3,3468
434,1,3,3469
434,8,3,3470
434,6,3,3471
434,7,2,3472
435,2,3,3473
435,3,3,3474
435,5,3,3475
435,4,3,3476
435,1,3,3477
435,8,3,3478
435,6,3,3479
435,7,2,3480
436,2,3,3481
436,3,3,3482
436,5,3,3483
436,4,3,3484
436,1,3,3485
436,8,3,3486
436,6,3,3487
436,7,2,3488
437,2,2,3489
437,3,2,3490
437,5,2,3491
437,4,2,3492
437,1,2,3493
437,8,2,3494
437,6,2,3495
437,7,2,3496
438,2,2,3497
438,3,2,3498
438,5,2,3499
438,4,2,3500
438,1,2,3501
438,8,3,3502
438,6,2,3503
438,7,1,3504
439,2,2,3505
439,3,1,3506
439,5,2,3507
439,4,2,3508
439,1,3,3509
439,8,2,3510
439,6,2,3511
439,7,1,3512
440,2,2,3513
440,3,1,3514
440,5,1,3515
440,4,2,3516
440,1,1,3517
440,8,2,3518
440,6,2,3519
440,7,1,3520
441,2,3,3521
441,3,3,3522
441,5,3,3523
441,4,3,3524
441,1,3,3525
441,8,3,3526
441,6,3,3527
441,7,1,3528
442,2,3,3529
442,3,2,3530
442,5,3,3531
442,4,3,3532
442,1,3,3533
442,8,3,3534
442,6,3,3535
442,7,1,3536
443,2,3,3537
443,3,3,3538
443,5,3,3539
443,4,3,3540
443,1,3,3541
443,8,3,3542
443,6,3,3543
443,7,1,3544
444,2,3,3545
444,3,3,3546
444,5,3,3547
444,4,3,3548
444,1,3,3549
444,8,3,3550
444,6,3,3551
444,7,2,3552
445,2,3,3553
445,3,3,3554
445,5,3,3555
445,4,3,3556
445,1,3,3557
445,8,3,3558
445,6,3,3559
445,7,1,3560
446,2,3,3561
446,3,3,3562
446,5,3,3563
446,4,3,3564
446,1,3,3565
446,8,3,3566
446,6,2,3567
446,7,1,3568
447,2,3,3569
447,3,3,3570
447,5,3,3571
447,4,3,3572
447,1,3,3573
447,8,2,3574
447,6,3,3575
447,7,2,3576
448,2,3,3577
448,3,3,3578
448,5,3,3579
448,4,3,3580
448,1,3,3581
448,8,2,3582
448,6,3,3583
448,7,2,3584
449,2,3,3585
449,3,3,3586
449,5,3,3587
449,4,3,3588
449,1,3,3589
449,8,2,3590
449,6,3,3591
449,7,2,3592
450,2,3,3593
450,3,3,3594
450,5,3,3595
450,4,3,3596
450,1,3,3597
450,8,3,3598
450,6,3,3599
450,7,2,3600
451,2,3,3601
451,3,3,3602
451,5,3,3603
451,4,3,3604
451,1,3,3605
451,8,3,3606
451,6,3,3607
451,7,2,3608
452,2,3,3609
452,3,3,3610
452,5,3,3611
452,4,3,3612
452,1,3,3613
452,8,3,3614
452,6,2,3615
452,7,1,3616
453,2,3,3617
453,3,3,3618
453,5,3,3619
453,4,3,3620
453,1,3,3621
453,8,3,3622
453,6,3,3623
453,7,2,3624
454,2,3,3625
454,3,3,3626
454,5,3,3627
454,4,3,3628
454,1,3,3629
454,8,3,3630
454,6,3,3631
454,7,2,3632
455,2,3,3633
455,3,3,3634
455,5,3,3635
455,4,3,3636
455,1,3,3637
455,8,3,3638
455,6,3,3639
455,7,2,3640
456,2,3,3641
456,3,2,3642
456,5,3,3643
456,4,3,3644
456,1,3,3645
456,8,3,3646
456,6,2,3647
456,7,2,3648
457,2,3,3649
457,3,3,3650
457,5,3,3651
457,4,3,3652
457,1,3,3653
457,8,3,3654
457,6,3,3655
457,7,2,3656
458,2,3,3657
458,3,3,3658
458,5,3,3659
458,4,3,3660
458,1,3,3661
458,8,3,3662
458,6,3,3663
458,7,2,3664
459,2,3,3665
459,3,2,3666
459,5,3,3667
459,4,2,3668
459,1,3,3669
459,8,3,3670
459,6,3,3671
459,7,1,3672
460,2,3,3673
460,3,3,3674
460,5,3,3675
460,4,3,3676
460,1,3,3677
460,8,3,3678
460,6,3,3679
460,7,2,3680
461,2,3,3681
461,3,3,3682
461,5,2,3683
461,4,3,3684
461,1,3,3685
461,8,3,3686
461,6,3,3687
461,7,2,3688
462,2,3,3689
462,3,3,3690
462,5,3,3691
462,4,3,3692
462,1,3,3693
462,8,3,3694
462,6,3,3695
462,7,2,3696
463,2,3,3697
463,3,3,3698
463,5,3,3699
463,4,3,3700
463,1,3,3701
463,8,3,3702
463,6,3,3703
463,7,2,3704
464,2,3,3705
464,3,3,3706
464,5,3,3707
464,4,3,3708
464,1,3,3709
464,8,3,3710
464,6,3,3711
464,7,2,3712
465,2,2,3713
465,3,2,3714
465,5,2,3715
465,4,3,3716
465,1,3,3717
465,8,3,3718
465,6,2,3719
465,7,1,3720
